"Filename","Path","Row","ImageDate","ImageQuality","PercentVisible","ValidationRate","PercentCloudCoverFullImage","PercentCloudCoverValley","CloudMaskedYN","PointsWithData","FalsePositives","FalseNegatives","Satellite","NADIR_OFFNADIR","IMAGE_QUALITY_OLI","IMAGE_QUALITY_TIRS","TIRS_SSM_MODEL","TIRS_SSM_POSITION_STATUS","TIRS_STRAY_LIGHT_CORRECTION_SOURCE"
"L8_p42r35_20130418_water.tif","42","35","2013-04-18","Very Good",97.4,0.985,1.04,0.05,"N",1137,14,14,"L8","NADIR",9,9,NA,NA,NA
"L8_p42r35_20130504_water.tif","42","35","2013-05-04","Very Good",98.72,0.976,2.45,0.17,"N",1137,23,23,"L8","NADIR",9,9,NA,NA,NA
"L8_p42r35_20130520_water.tif","42","35","2013-05-20","Very Good",99.19,0.974,0.57,0.02,"N",1136,25,25,"L8","NADIR",9,9,NA,NA,NA
"L8_p42r35_20130605_water.tif","42","35","2013-06-05","Very Good",99.56,0.979,1.73,0.01,"N",1137,22,22,"L8","NADIR",9,9,NA,NA,NA
"L8_p42r35_20130621_water.tif","42","35","2013-06-21","Very Good",97.47,0.976,0.18,0.33,"N",1137,24,24,"L8","NADIR",9,9,NA,NA,NA
"L8_p42r35_20130707_water.tif","42","35","2013-07-07","Very Good",100,0.982,0.9,0,"N",1139,20,20,"L8","NADIR",9,9,NA,NA,NA
"L8_p42r35_20130723_water.tif","42","35","2013-07-23","Fair",61.18,0.947,19.89,19.17,"Y",360,4,4,"L8","NADIR",9,9,NA,NA,NA
"L8_p42r35_20130808_water.tif","42","35","2013-08-08","Very Good",100,0.983,0.11,0,"N",472,8,8,"L8","NADIR",9,9,NA,NA,NA
"L8_p42r35_20130824_water.tif","42","35","2013-08-24","Good",99.91,0.97,0.16,0,"N",269,8,8,"L8","NADIR",9,9,NA,NA,NA
"L8_p42r35_20130909_water.tif","42","35","2013-09-09","Good",99.02,0.964,0.95,0.02,"N",417,14,14,"L8","NADIR",9,9,NA,NA,NA
"L8_p42r35_20130925_water.tif","42","35","2013-09-25","Good",84.56,0.963,5.86,1.36,"Y",926,13,13,"L8","NADIR",9,9,NA,NA,NA
"L8_p42r35_20131011_water.tif","42","35","2013-10-11","Good",93.22,0.95,1.05,0.28,"N",1128,31,31,"L8","NADIR",9,9,NA,NA,NA
"L8_p42r35_20131027_water.tif","42","35","2013-10-27","Good",94.31,0.96,1,0.13,"N",1137,35,35,"L8","NADIR",9,9,NA,NA,NA
"L8_p42r35_20131112_water.tif","42","35","2013-11-12","Bad",8,0.4,76.92,82.44,"Y",15,9,9,"L8","NADIR",9,9,NA,NA,NA
"L8_p42r35_20131128_water.tif","42","35","2013-11-28","Bad",17.79,0.879,61.65,69.43,"Y",33,1,1,"L8","NADIR",9,9,NA,NA,NA
"L8_p42r35_20131214_water.tif","42","35","2013-12-14","Fair",85.55,0.913,2.52,0.31,"N",1141,29,29,"L8","NADIR",9,9,NA,NA,NA
"L8_p42r35_20131230_water.tif","42","35","2013-12-30","Fair",78.68,0.911,2.21,1.88,"N",1141,25,25,"L8","NADIR",9,9,NA,NA,NA
"L8_p42r35_20140115_water.tif","42","35","2014-01-15","Poor",85.18,0.821,1.38,0.42,"N",1141,21,21,"L8","NADIR",9,9,NA,NA,NA
"L8_p42r35_20140131_water.tif","42","35","2014-01-31","Poor",32.11,0.919,39.36,38.09,"Y",111,1,1,"L8","NADIR",9,9,NA,NA,NA
"L8_p42r35_20140216_water.tif","42","35","2014-02-16","Poor",48.55,0.965,11.58,13.55,"Y",428,4,4,"L8","NADIR",9,9,NA,NA,NA
"L8_p42r35_20140304_water.tif","42","35","2014-03-04","Bad",17.23,0.938,83.02,73.62,"Y",129,8,8,"L8","NADIR",9,9,NA,NA,NA
"L8_p42r35_20140320_water.tif","42","35","2014-03-20","Poor",46.22,0.941,22.85,28.84,"Y",269,11,11,"L8","NADIR",9,9,NA,NA,NA
"L8_p42r35_20140405_water.tif","42","35","2014-04-05","Bad",11.6,0,40.29,45.83,"Y",0,0,0,"L8","NADIR",9,9,NA,NA,NA
"L8_p42r35_20140421_water.tif","42","35","2014-04-21","Bad",23.38,0.989,50.02,64.79,"Y",262,2,2,"L8","NADIR",9,9,NA,NA,NA
"L8_p42r35_20140507_water.tif","42","35","2014-05-07","Good",86.91,0.987,8.86,1.44,"Y",629,6,6,"L8","NADIR",9,9,NA,NA,NA
"L8_p42r35_20140523_water.tif","42","35","2014-05-23","Fair",97.75,0.969,2.4,0.35,"N",382,12,12,"L8","NADIR",9,9,NA,NA,NA
"L8_p42r35_20140608_water.tif","42","35","2014-06-08","Good",99.08,0.981,0.45,0.03,"N",206,4,4,"L8","NADIR",9,9,NA,NA,NA
"L8_p42r35_20140624_water.tif","42","35","2014-06-24","Very Good",99.98,0.986,0.23,0,"N",220,3,3,"L8","NADIR",9,9,NA,NA,NA
"L8_p42r35_20140710_water.tif","42","35","2014-07-10","Good",100,0.966,3.01,0,"N",233,8,8,"L8","NADIR",9,9,NA,NA,NA
"L8_p42r35_20140726_water.tif","42","35","2014-07-26","Poor",88.26,0.894,4.82,4.26,"N",396,37,37,"L8","NADIR",9,9,NA,NA,NA
"L8_p42r35_20140811_water.tif","42","35","2014-08-11","Good",80.94,0.972,8.04,5.29,"Y",426,10,10,"L8","NADIR",9,9,NA,NA,NA
"L8_p42r35_20140827_water.tif","42","35","2014-08-27","Good",100,0.971,0.15,0,"N",244,8,7,"L8","NADIR",9,9,NA,NA,NA
"L8_p42r35_20140912_water.tif","42","35","2014-09-12","Good",99.85,0.959,0.21,0,"N",241,11,10,"L8","NADIR",9,9,NA,NA,NA
"L8_p42r35_20140928_water.tif","42","35","2014-09-28","Fair",72.76,0.938,27.02,11.86,"Y",601,13,13,"L8","NADIR",9,9,NA,NA,NA
"L8_p42r35_20141014_water.tif","42","35","2014-10-14","Good",94.38,0.967,0.47,0.14,"N",829,19,18,"L8","NADIR",9,9,NA,NA,NA
"L8_p42r35_20141030_water.tif","42","35","2014-10-30","Poor",32.31,0.941,38.22,49.24,"Y",427,11,10,"L8","NADIR",9,9,NA,NA,NA
"L8_p42r35_20141115_water.tif","42","35","2014-11-15","Fair",72.58,0.943,17.21,9.42,"Y",559,16,16,"L8","NADIR",9,9,NA,NA,NA
"L8_p42r35_20141201_water.tif","42","35","2014-12-01","Fair",58.17,0.913,28.22,29.42,"Y",449,15,15,"L8","NADIR",9,9,NA,NA,NA
"L8_p42r35_20141217_water.tif","42","35","2014-12-17","Bad",32.46,0.77,66.56,48.61,"Y",148,7,7,"L8","NADIR",9,9,NA,NA,NA
"L8_p42r35_20150102_water.tif","42","35","2015-01-02","Fair",90.18,0.926,1.2,0.15,"N",1136,22,22,"L8","NADIR",9,9,NA,"ESTIMATED",NA
"L8_p42r35_20150118_water.tif","42","35","2015-01-18","Bad",12.1,0.895,65.58,81.09,"Y",19,1,1,"L8","NADIR",9,9,NA,"ESTIMATED",NA
"L8_p42r35_20150203_water.tif","42","35","2015-02-03","Poor",29.9,0.969,56.21,58.11,"Y",227,5,5,"L8","NADIR",9,9,NA,"ESTIMATED",NA
"L8_p42r35_20150219_water.tif","42","35","2015-02-19","Fair",56.32,0.965,35.28,29.46,"Y",539,11,11,"L8","NADIR",9,9,NA,"NOMINAL",NA
"L8_p42r35_20150307_water.tif","42","35","2015-03-07","Good",94.68,0.976,1.1,0.13,"N",1141,17,17,"L8","NADIR",9,9,NA,"NOMINAL",NA
"L8_p42r35_20150323_water.tif","42","35","2015-03-23","Poor",25.07,0.964,22.98,22.34,"Y",249,9,9,"L8","NADIR",9,9,NA,NA,NA
"L8_p42r35_20150408_water.tif","42","35","2015-04-08","Bad",9.49,0.905,26.87,31.43,"Y",21,2,2,"L8","NADIR",9,9,NA,NA,NA
"L8_p42r35_20150424_water.tif","42","35","2015-04-24","Bad",21.36,0.885,49.44,47.05,"Y",156,8,8,"L8","NADIR",9,9,NA,"NOMINAL",NA
"L8_p42r35_20150510_water.tif","42","35","2015-05-10","Good",99.44,0.965,0.72,0.01,"N",542,18,18,"L8","NADIR",9,9,NA,"NOMINAL",NA
"L8_p42r35_20150526_water.tif","42","35","2015-05-26","Very Good",92.54,0.983,1.48,1.25,"N",944,14,14,"L8","NADIR",9,9,NA,"NOMINAL",NA
"L8_p42r35_20150611_water.tif","42","35","2015-06-11","Good",96.13,0.969,3.07,0.07,"N",685,13,13,"L8","NADIR",9,9,NA,"NOMINAL",NA
"L8_p42r35_20150627_water.tif","42","35","2015-06-27","Good",88.21,0.964,5.48,2.34,"Y",138,5,5,"L8","NADIR",9,9,NA,"NOMINAL",NA
"L8_p42r35_20150713_water.tif","42","35","2015-07-13","Very Good",99.32,0.978,0.16,0.03,"N",360,8,8,"L8","NADIR",9,9,NA,"NOMINAL",NA
"L8_p42r35_20150729_water.tif","42","35","2015-07-29","Excellent",99.97,1,0.2,0,"N",206,0,0,"L8","NADIR",9,9,NA,"NOMINAL",NA
"L8_p42r35_20150814_water.tif","42","35","2015-08-14","Very Good",98.66,0.983,0.53,0.02,"N",573,10,10,"L8","NADIR",9,9,NA,"NOMINAL",NA
"L8_p42r35_20150830_water.tif","42","35","2015-08-30","Good",86.91,0.976,1.64,1.96,"N",966,18,18,"L8","NADIR",9,9,NA,"NOMINAL",NA
"L8_p42r35_20150915_water.tif","42","35","2015-09-15","Poor",49.71,0.893,21.16,18.71,"Y",496,4,4,"L8","NADIR",9,9,NA,"NOMINAL",NA
"L8_p42r35_20151001_water.tif","42","35","2015-10-01","Poor",46.1,0.946,24.59,31.2,"Y",516,8,8,"L8","NADIR",9,9,NA,"NOMINAL",NA
"L8_p42r35_20151017_water.tif","42","35","2015-10-17","Fair",56.74,0.948,23.94,13.93,"Y",599,25,25,"L8","NADIR",9,9,NA,"NOMINAL",NA
"L8_p42r35_20151102_water.tif","42","35","2015-11-02","Bad",13.32,0.576,72.96,72.19,"Y",33,3,3,"L8","NADIR",9,9,NA,"ESTIMATED",NA
"L8_p42r35_20151118_water.tif","42","35","2015-11-18","Fair",61.95,0.913,14.89,26.01,"Y",767,23,23,"L8","NADIR",9,9,NA,"ESTIMATED",NA
"L8_p42r35_20151204_water.tif","42","35","2015-12-04","Poor",66.44,0.883,19.67,12.97,"Y",420,12,12,"L8","NADIR",9,9,NA,"ESTIMATED",NA
"L8_p42r35_20151220_water.tif","42","35","2015-12-20","Bad",9.25,1,86.67,87.41,"Y",4,0,0,"L8","NADIR",9,9,NA,"ESTIMATED",NA
"L8_p42r35_20160105_water.tif","42","35","2016-01-05","Bad",9.49,0,74.76,81.67,"Y",0,0,0,"L8","NADIR",9,9,"FINAL","ESTIMATED",NA
"L8_p42r35_20160121_water.tif","42","35","2016-01-21","Bad",15.38,0.946,69.49,76.43,"Y",147,0,0,"L8","NADIR",9,9,"FINAL","ESTIMATED",NA
"L8_p42r35_20160206_water.tif","42","35","2016-02-06","Poor",85.84,0.87,2.21,1.42,"N",1139,12,12,"L8","NADIR",9,9,"FINAL","ESTIMATED",NA
"L8_p42r35_20160309_water.tif","42","35","2016-03-09","Good",86.42,0.982,1.36,1.17,"N",1141,9,9,"L8","NADIR",9,9,"FINAL","ESTIMATED",NA
"L8_p42r35_20160325_water.tif","42","35","2016-03-25","Good",81.16,0.979,6.73,2.32,"Y",730,9,9,"L8","NADIR",9,9,"FINAL","ESTIMATED",NA
"L8_p42r35_20160410_water.tif","42","35","2016-04-10","Bad",7.91,1,66.32,69.05,"Y",3,0,0,"L8","NADIR",9,9,"FINAL","ESTIMATED",NA
"L8_p42r35_20160426_water.tif","42","35","2016-04-26","Fair",70.55,0.965,9.61,13.55,"Y",598,19,19,"L8","NADIR",9,9,"FINAL","ESTIMATED",NA
"L8_p42r35_20160512_water.tif","42","35","2016-05-12","Fair",99.49,0.969,0.83,0.01,"N",321,10,10,"L8","NADIR",9,9,"FINAL","ESTIMATED",NA
"L8_p42r35_20160528_water.tif","42","35","2016-05-28","Poor",44.89,0.911,15.2,28.69,"Y",90,5,5,"L8","NADIR",9,9,"FINAL","ESTIMATED",NA
"L8_p42r35_20160613_water.tif","42","35","2016-06-13","Good",99.57,0.977,2.49,0,"N",348,7,7,"L8","NADIR",9,9,"FINAL","ESTIMATED",NA
"L8_p42r35_20160629_water.tif","42","35","2016-06-29","Excellent",100,0.991,2.35,0,"N",215,2,2,"L8","NADIR",9,9,"FINAL","ESTIMATED",NA
"L8_p42r35_20160715_water.tif","42","35","2016-07-15","Excellent",100,0.995,0.21,0,"N",210,1,1,"L8","NADIR",9,9,"FINAL","ESTIMATED",NA
"L8_p42r35_20160731_water.tif","42","35","2016-07-31","Excellent",100,0.991,0.25,0,"N",225,2,2,"L8","NADIR",9,9,"FINAL","ESTIMATED",NA
"L8_p42r35_20160816_water.tif","42","35","2016-08-16","Good",100,0.986,0.12,0,"N",219,3,3,"L8","NADIR",9,7,"PRELIMINARY","ESTIMATED",NA
"L8_p42r35_20160901_water.tif","42","35","2016-09-01","Good",99.72,0.964,0.13,0,"N",386,14,14,"L8","NADIR",9,9,"FINAL","ESTIMATED",NA
"L8_p42r35_20160917_water.tif","42","35","2016-09-17","Good",99.03,0.966,0.16,0.02,"N",505,17,17,"L8","NADIR",9,7,"PRELIMINARY","ESTIMATED",NA
"L8_p42r35_20161019_water.tif","42","35","2016-10-19","Good",95.06,0.954,0.44,0.12,"N",1139,28,28,"L8","NADIR",9,7,"PRELIMINARY","ESTIMATED",NA
"L8_p42r35_20161104_water.tif","42","35","2016-11-04","Fair",59.32,0.956,9.84,12.7,"Y",774,23,23,"L8","NADIR",9,7,"PRELIMINARY","ESTIMATED",NA
"L8_p42r35_20161120_water.tif","42","35","2016-11-20","Poor",34.49,0.917,41.25,37.24,"Y",206,12,12,"L8","NADIR",9,7,"PRELIMINARY","ESTIMATED",NA
"L8_p42r35_20161206_water.tif","42","35","2016-12-06","Bad",26.52,0.774,79.18,53.94,"Y",155,19,19,"L8","NADIR",9,7,"PRELIMINARY","ESTIMATED",NA
"L8_p42r35_20161222_water.tif","42","35","2016-12-22","Fair",66.04,0.913,17.41,20.32,"Y",572,9,9,"L8","NADIR",9,7,"PRELIMINARY","ESTIMATED",NA
"L8_p42r35_20170123_water.tif","42","35","2017-01-23","Bad",9.65,0,88.9,79.96,"Y",3,0,0,"L8","NADIR",9,9,"FINAL","ESTIMATED","TIRS"
"L8_p42r35_20170208_water.tif","42","35","2017-02-08","Bad",14.34,0.85,77.28,75.4,"Y",80,2,2,"L8","NADIR",9,9,"FINAL","ESTIMATED","TIRS"
"L8_p42r35_20170224_water.tif","42","35","2017-02-24","Very Good",90.41,0.98,5.7,0.26,"Y",1139,8,8,"L8","NADIR",9,9,"FINAL","ESTIMATED","TIRS"
"L8_p42r35_20170312_water.tif","42","35","2017-03-12","Good",75.49,0.982,3.16,2.77,"N",1140,9,9,"L8","NADIR",9,9,"FINAL","ESTIMATED","TIRS"
"L8_p42r35_20170328_water.tif","42","35","2017-03-28","Fair",64.26,0.972,7.66,1.33,"Y",496,6,6,"L8","NADIR",9,9,"FINAL","ESTIMATED","TIRS"
"L8_p42r35_20170413_water.tif","42","35","2017-04-13","Bad",16.52,0.913,65.59,49.76,"Y",46,4,4,"L8","NADIR",9,9,"FINAL","ESTIMATED","TIRS"
"L8_p42r35_20170515_water.tif","42","35","2017-05-15","Poor",34.62,0.95,38.89,17.61,"Y",159,6,6,"L8","NADIR",9,9,"FINAL","ESTIMATED","TIRS"
"L8_p42r35_20170531_water.tif","42","35","2017-05-31","Bad",12.89,0,86.11,79.3,"Y",0,0,0,"L8","NADIR",9,9,"FINAL","ESTIMATED","TIRS"
"L8_p42r35_20170616_water.tif","42","35","2017-06-16","Very Good",98.16,0.982,1.11,0.01,"N",1139,13,13,"L8","NADIR",9,9,"FINAL","ESTIMATED","TIRS"
"L8_p42r35_20170702_water.tif","42","35","2017-07-02","Very Good",98.99,0.989,0.98,0,"N",1139,11,11,"L8","NADIR",9,9,"FINAL","ESTIMATED","TIRS"
"L8_p42r35_20170718_water.tif","42","35","2017-07-18","Very Good",97.19,0.987,0.69,0.03,"N",1137,10,10,"L8","NADIR",9,9,"FINAL","ESTIMATED","TIRS"
"L8_p42r35_20170803_water.tif","42","35","2017-08-03","Bad",8.67,0,93.15,86.37,"Y",0,0,0,"L8","NADIR",9,9,"FINAL","ESTIMATED","TIRS"
"L8_p42r35_20170819_water.tif","42","35","2017-08-19","Good",99.63,0.968,2.48,0,"N",1139,14,14,"L8","NADIR",9,9,"FINAL","ESTIMATED","TIRS"
"L8_p42r35_20170904_water.tif","42","35","2017-09-04","Bad",22.44,0.964,45.4,41.7,"Y",165,0,0,"L8","NADIR",9,9,"FINAL","ESTIMATED","TIRS"
"L8_p42r35_20170920_water.tif","42","35","2017-09-20","Good",87.86,0.975,0.29,0.08,"N",1139,24,24,"L8","NADIR",9,9,"FINAL","ESTIMATED","TIRS"
"L8_p42r35_20171006_water.tif","42","35","2017-10-06","Good",83.09,0.971,1.84,0.08,"N",1141,26,26,"L8","NADIR",9,9,"FINAL","ESTIMATED","TIRS"
"L8_p42r35_20171022_water.tif","42","35","2017-10-22","Good",80,0.968,0.21,0.09,"N",1141,26,26,"L8","NADIR",9,9,"FINAL","ESTIMATED","TIRS"
"L8_p42r35_20171107_water.tif","42","35","2017-11-07","Good",87.42,0.962,0.82,0.24,"N",1141,32,32,"L8","NADIR",9,9,"FINAL","ESTIMATED","TIRS"
"L8_p42r35_20171123_water.tif","42","35","2017-11-23","Fair",62.64,0.964,1.44,0.52,"N",1139,25,25,"L8","NADIR",9,9,"FINAL","ESTIMATED","TIRS"
"L8_p42r35_20171209_water.tif","42","35","2017-12-09","Bad",16.28,0.913,28.37,61.87,"Y",149,6,6,"L8","NADIR",9,9,"FINAL","ESTIMATED","TIRS"
"L8_p42r35_20171225_water.tif","42","35","2017-12-25","Poor",28.83,0.937,44.56,40.08,"Y",252,2,2,"L8","NADIR",9,9,"FINAL","ESTIMATED","TIRS"
"L8_p42r35_20180110_water.tif","42","35","2018-01-10","Bad",13.23,0.86,65.81,61.58,"Y",93,2,2,"L8","NADIR",9,9,"FINAL","ESTIMATED","TIRS"
"L8_p42r35_20180126_water.tif","42","35","2018-01-26","Fair",71.81,0.963,6.02,3.92,"Y",802,5,5,"L8","NADIR",9,9,"FINAL","ESTIMATED","TIRS"
"L8_p42r35_20180211_water.tif","42","35","2018-02-11","Good",80.9,0.977,1.71,0.37,"N",1139,14,14,"L8","NADIR",9,9,"FINAL","ESTIMATED","TIRS"
"L8_p42r35_20180227_water.tif","42","35","2018-02-27","Bad",9.47,1,91.73,81.48,"Y",2,0,0,"L8","NADIR",9,9,"FINAL","ESTIMATED","TIRS"
"L8_p42r35_20180315_water.tif","42","35","2018-03-15","Poor",43.68,0.963,27.08,11.48,"Y",301,9,9,"L8","NADIR",9,9,"FINAL","ESTIMATED","TIRS"
"L8_p42r35_20180331_water.tif","42","35","2018-03-31","Poor",38.2,0.993,41.17,31.72,"Y",141,1,1,"L8","NADIR",9,9,"ACTUAL","NOMINAL","TIRS"
"L8_p42r35_20180416_water.tif","42","35","2018-04-16","Bad",9.4,1,51.13,36.64,"Y",2,0,0,"L8","NADIR",9,9,"FINAL","ESTIMATED","TIRS"
"L8_p42r35_20180502_water.tif","42","35","2018-05-02","Fair",71.48,0.967,14.37,0.61,"Y",637,14,14,"L8","NADIR",9,9,"FINAL","ESTIMATED","TIRS"
"L8_p42r35_20180518_water.tif","42","35","2018-05-18","Very Good",92.31,0.984,2.6,0.02,"N",1141,13,13,"L8","NADIR",9,9,"FINAL","ESTIMATED","TIRS"
"L8_p42r35_20180603_water.tif","42","35","2018-06-03","Very Good",99.59,0.985,0.94,0,"N",1137,16,16,"L8","NADIR",9,9,"FINAL","ESTIMATED","TIRS"
"L8_p42r35_20180619_water.tif","42","35","2018-06-19","Very Good",98.46,0.984,0.53,0,"N",1137,15,15,"L8","NADIR",9,9,"FINAL","ESTIMATED","TIRS"
"L8_p42r35_20180705_water.tif","42","35","2018-07-05","Good",81.93,0.981,6.02,4.97,"Y",795,14,14,"L8","NADIR",9,9,"FINAL","ESTIMATED","TIRS"
"L8_p42r35_20180721_water.tif","42","35","2018-07-21","Poor",70.12,0.894,5.37,7.23,"Y",716,6,6,"L8","NADIR",9,9,"FINAL","ESTIMATED","TIRS"
"L8_p42r35_20180806_water.tif","42","35","2018-08-06","Very Good",98.02,0.982,0.22,0,"N",1137,18,18,"L8","NADIR",9,9,"FINAL","ESTIMATED","TIRS"
"L8_p42r35_20180822_water.tif","42","35","2018-08-22","Very Good",96.73,0.975,0.23,0,"N",1137,25,25,"L8","NADIR",9,9,"FINAL","ESTIMATED","TIRS"
"L8_p42r35_20180907_water.tif","42","35","2018-09-07","Very Good",98.63,0.974,0.2,0,"N",1137,26,26,"L8","NADIR",9,9,"FINAL","ESTIMATED","TIRS"
"L8_p42r35_20180923_water.tif","42","35","2018-09-23","Good",88.55,0.974,0.89,1.03,"N",1137,26,26,"L8","NADIR",9,9,"FINAL","ESTIMATED","TIRS"
"L8_p42r35_20181009_water.tif","42","35","2018-10-09","Very Good",90.53,0.978,0.49,0.04,"N",1139,20,20,"L8","NADIR",9,9,"FINAL","ESTIMATED","TIRS"
"L8_p42r35_20181025_water.tif","42","35","2018-10-25","Good",85.1,0.975,0.67,0.08,"N",1139,24,24,"L8","NADIR",9,9,"FINAL","ESTIMATED","TIRS"
"L8_p42r35_20181110_water.tif","42","35","2018-11-10","Good",84.39,0.968,1.01,0.37,"N",1139,35,35,"L8","NADIR",9,9,"FINAL","ESTIMATED","TIRS"
"L8_p42r35_20181126_water.tif","42","35","2018-11-26","Poor",47.88,0.932,19.68,23.52,"Y",340,19,19,"L8","NADIR",9,9,"FINAL","ESTIMATED","TIRS"
"L8_p42r35_20181212_water.tif","42","35","2018-12-12","Poor",39.47,0.911,27.68,32.92,"Y",392,6,6,"L8","NADIR",9,9,"FINAL","ESTIMATED","TIRS"
"L8_p42r35_20181228_water.tif","42","35","2018-12-28","Fair",70.94,0.941,10.87,10.33,"Y",709,12,12,"L8","NADIR",9,9,"FINAL","ESTIMATED","TIRS"
"L8_p42r35_20190113_water.tif","42","35","2019-01-13","Fair",51.24,0.928,33.46,28.08,"Y",400,3,3,"L8","NADIR",9,9,"FINAL","ESTIMATED","TIRS"
"L8_p42r35_20190129_water.tif","42","35","2019-01-29","Bad",14.61,1,75.05,67.71,"Y",25,0,0,"L8","NADIR",9,9,"FINAL","ESTIMATED","TIRS"
"L8_p42r35_20190214_water.tif","42","35","2019-02-14","Bad",20.51,0.923,82.34,68.61,"Y",26,0,0,"L8","NADIR",9,9,"FINAL","ESTIMATED","TIRS"
"L8_p42r35_20190302_water.tif","42","35","2019-03-02","Bad",10.96,1,77.11,61.98,"Y",1,0,0,"L8","NADIR",9,9,"FINAL","ESTIMATED","TIRS"
"L8_p43r34_20130425_water.tif","43","34","2013-04-25","Excellent",98.91,0.991,1.44,0.02,"N",1841,15,12,"L8","NADIR",9,9,NA,NA,NA
"L8_p43r34_20130511_water.tif","43","34","2013-05-11","Very Good",99.35,0.985,0.58,0.01,"N",1838,11,10,"L8","NADIR",9,9,NA,NA,NA
"L8_p43r34_20130527_water.tif","43","34","2013-05-27","Poor",48.29,0.945,27.44,38.94,"Y",453,17,16,"L8","NADIR",9,9,NA,NA,NA
"L8_p43r34_20130612_water.tif","43","34","2013-06-12","Very Good",93.72,0.981,0.5,0.39,"N",1835,21,20,"L8","NADIR",9,9,NA,NA,NA
"L8_p43r34_20130628_water.tif","43","34","2013-06-28","Very Good",93.57,0.983,1.11,2.45,"N",1842,14,13,"L8","NADIR",9,9,NA,NA,NA
"L8_p43r34_20130714_water.tif","43","34","2013-07-14","Excellent",99.81,0.99,0.36,0,"N",1841,13,12,"L8","NADIR",9,9,NA,NA,NA
"L8_p43r34_20130730_water.tif","43","34","2013-07-30","Excellent",95.12,0.991,0.38,0.13,"N",1840,12,11,"L8","NADIR",9,9,NA,NA,NA
"L8_p43r34_20130815_water.tif","43","34","2013-08-15","Very Good",99.91,0.99,0.1,0,"N",1839,11,11,"L8","NADIR",9,9,NA,NA,NA
"L8_p43r34_20130831_water.tif","43","34","2013-08-31","Good",94.97,0.965,12.11,1.14,"Y",1787,13,13,"L8","NADIR",9,9,NA,NA,NA
"L8_p43r34_20130916_water.tif","43","34","2013-09-16","Very Good",99.57,0.987,0.1,0.01,"N",1836,13,13,"L8","NADIR",9,9,NA,NA,NA
"L8_p43r34_20131002_water.tif","43","34","2013-10-02","Good",81.09,0.977,1.61,2.78,"N",1839,15,14,"L8","NADIR",9,9,NA,NA,NA
"L8_p43r34_20131018_water.tif","43","34","2013-10-18","Very Good",97.06,0.983,0.38,0.07,"N",1836,10,10,"L8","NADIR",9,9,NA,NA,NA
"L8_p43r34_20131103_water.tif","43","34","2013-11-03","Poor",49.62,0.971,29.2,30.72,"Y",453,6,6,"L8","NADIR",9,9,NA,NA,NA
"L8_p43r34_20131119_water.tif","43","34","2013-11-19","Poor",30.37,0.891,47.82,48.74,"Y",267,2,2,"L8","NADIR",9,9,NA,NA,NA
"L8_p43r34_20131205_water.tif","43","34","2013-12-05","Fair",91.89,0.94,1.13,0.1,"N",1821,18,8,"L8","NADIR",9,9,NA,NA,NA
"L8_p43r34_20131221_water.tif","43","34","2013-12-21","Fair",89.27,0.924,1.55,0.15,"N",1827,10,10,"L8","NADIR",9,9,NA,NA,NA
"L8_p43r34_20140106_water.tif","43","34","2014-01-06","Bad",11.7,1,83.07,80.97,"Y",5,0,0,"L8","NADIR",9,9,NA,NA,NA
"L8_p43r34_20140122_water.tif","43","34","2014-01-22","Fair",80.51,0.949,1,0.45,"N",1827,14,13,"L8","NADIR",9,9,NA,NA,NA
"L8_p43r34_20140223_water.tif","43","34","2014-02-23","Very Good",93.89,0.976,0.75,0.09,"N",1827,19,18,"L8","NADIR",9,9,NA,NA,NA
"L8_p43r34_20140311_water.tif","43","34","2014-03-11","Very Good",91.67,0.983,0.79,0.1,"N",1824,28,18,"L8","NADIR",9,9,NA,NA,NA
"L8_p43r34_20140412_water.tif","43","34","2014-04-12","Very Good",95.81,0.987,2.74,0.07,"N",1827,12,10,"L8","NADIR",9,9,NA,NA,NA
"L8_p43r34_20140428_water.tif","43","34","2014-04-28","Very Good",96.86,0.988,0.79,0.05,"N",1822,16,12,"L8","NADIR",9,9,NA,NA,NA
"L8_p43r34_20140514_water.tif","43","34","2014-05-14","Excellent",99.39,0.991,0.6,0,"N",1812,12,11,"L8","NADIR",9,9,NA,NA,NA
"L8_p43r34_20140530_water.tif","43","34","2014-05-30","Good",85.81,0.989,3.61,5.84,"N",1842,23,17,"L8","NADIR",9,9,NA,NA,NA
"L8_p43r34_20140615_water.tif","43","34","2014-06-15","Good",85.19,0.961,3.53,3.66,"N",1842,29,29,"L8","NADIR",9,9,NA,NA,NA
"L8_p43r34_20140701_water.tif","43","34","2014-07-01","Excellent",99.76,0.992,0.84,0.01,"N",1842,13,12,"L8","NADIR",9,9,NA,NA,NA
"L8_p43r34_20140717_water.tif","43","34","2014-07-17","Good",77.3,0.951,1.12,4.9,"N",1842,21,19,"L8","NADIR",9,9,NA,NA,NA
"L8_p43r34_20140802_water.tif","43","34","2014-08-02","Good",87.8,0.982,0.91,2.21,"N",1842,14,13,"L8","NADIR",9,9,NA,NA,NA
"L8_p43r34_20140818_water.tif","43","34","2014-08-18","Very Good",95.92,0.985,1.02,0.93,"N",1841,12,12,"L8","NADIR",9,9,NA,NA,NA
"L8_p43r34_20140903_water.tif","43","34","2014-09-03","Excellent",99.66,0.991,1.21,0.01,"N",1842,9,9,"L8","NADIR",9,9,NA,NA,NA
"L8_p43r34_20140919_water.tif","43","34","2014-09-19","Very Good",96.32,0.98,8.87,0.07,"Y",1517,11,11,"L8","NADIR",9,9,NA,NA,NA
"L8_p43r34_20141005_water.tif","43","34","2014-10-05","Very Good",99.62,0.977,0.21,0.01,"N",1842,23,23,"L8","NADIR",9,9,NA,NA,NA
"L8_p43r34_20141021_water.tif","43","34","2014-10-21","Very Good",91.7,0.971,0.73,1.26,"N",1839,29,29,"L8","NADIR",9,9,NA,NA,NA
"L8_p43r34_20141106_water.tif","43","34","2014-11-06","Fair",56.16,0.962,22.86,22.21,"Y",839,6,6,"L8","NADIR",9,9,NA,NA,NA
"L8_p43r34_20141122_water.tif","43","34","2014-11-22","Bad",55.86,0.789,76.26,10.12,"Y",1083,244,227,"L8","NADIR",9,9,NA,NA,NA
"L8_p43r34_20141208_water.tif","43","34","2014-12-08","Poor",33.04,0.828,68.37,57.5,"Y",244,34,34,"L8","NADIR",9,9,NA,NA,NA
"L8_p43r34_20150125_water.tif","43","34","2015-01-25","Bad",12.17,1,53.28,84.99,"Y",13,0,0,"L8","NADIR",9,9,NA,"ESTIMATED",NA
"L8_p43r34_20150226_water.tif","43","34","2015-02-26","Good",81.34,0.971,3.7,3.32,"N",1834,34,33,"L8","NADIR",9,9,NA,"ESTIMATED",NA
"L8_p43r34_20150314_water.tif","43","34","2015-03-14","Good",80.33,0.958,9.15,6.89,"Y",1041,30,30,"L8","NADIR",9,9,NA,NA,NA
"L8_p43r34_20150330_water.tif","43","34","2015-03-30","Fair",70.62,0.96,3.09,10.12,"N",1835,41,40,"L8","NADIR",9,9,NA,NA,NA
"L8_p43r34_20150415_water.tif","43","34","2015-04-15","Very Good",97.23,0.988,0.63,0.04,"N",1812,9,9,"L8","NADIR",9,9,NA,NA,NA
"L8_p43r34_20150501_water.tif","43","34","2015-05-01","Very Good",99.62,0.982,1.19,0.01,"N",711,6,6,"L8","NADIR",9,9,NA,"NOMINAL",NA
"L8_p43r34_20150517_water.tif","43","34","2015-05-17","Bad",14.84,0.976,66.33,69.65,"Y",83,2,2,"L8","NADIR",9,9,NA,"DEFAULT",NA
"L8_p43r34_20150602_water.tif","43","34","2015-06-02","Very Good",96.15,0.988,0.84,1.01,"N",1512,8,7,"L8","NADIR",9,9,NA,"NOMINAL",NA
"L8_p43r34_20150618_water.tif","43","34","2015-06-18","Excellent",99.89,0.996,0.27,0,"N",463,3,2,"L8","NADIR",9,9,NA,"NOMINAL",NA
"L8_p43r34_20150704_water.tif","43","34","2015-07-04","Excellent",99.49,0.991,8.01,0.01,"Y",469,4,4,"L8","NADIR",9,9,NA,"NOMINAL",NA
"L8_p43r34_20150720_water.tif","43","34","2015-07-20","Fair",83.73,0.937,8.96,8.22,"Y",1406,37,34,"L8","NADIR",9,9,NA,"NOMINAL",NA
"L8_p43r34_20150805_water.tif","43","34","2015-08-05","Fair",60.56,0.981,16.51,29.06,"Y",913,3,3,"L8","NADIR",9,9,NA,"NOMINAL",NA
"L8_p43r34_20150821_water.tif","43","34","2015-08-21","Excellent",98.26,0.995,1.23,0.03,"N",1330,1,1,"L8","NADIR",9,9,NA,"NOMINAL",NA
"L8_p43r34_20150906_water.tif","43","34","2015-09-06","Very Good",94.28,0.979,0.24,0.96,"N",1372,7,7,"L8","NADIR",9,9,NA,"NOMINAL",NA
"L8_p43r34_20150922_water.tif","43","34","2015-09-22","Very Good",99.68,0.99,0.82,0.01,"N",1363,2,2,"L8","NADIR",9,9,NA,"NOMINAL",NA
"L8_p43r34_20151008_water.tif","43","34","2015-10-08","Fair",76.63,0.922,6.41,6.36,"Y",1841,52,52,"L8","NADIR",9,9,NA,"NOMINAL",NA
"L8_p43r34_20151024_water.tif","43","34","2015-10-24","Poor",32.66,0.953,62.31,57.33,"Y",469,21,21,"L8","NADIR",9,9,NA,"NOMINAL",NA
"L8_p43r34_20151109_water.tif","43","34","2015-11-09","Bad",13.74,0.913,40.67,72.69,"Y",46,0,0,"L8","NADIR",9,9,NA,"ESTIMATED",NA
"L8_p43r34_20151125_water.tif","43","34","2015-11-25","Poor",28.93,0.836,51.14,40.48,"Y",274,0,0,"L8","NADIR",9,9,NA,"ESTIMATED",NA
"L8_p43r34_20151211_water.tif","43","34","2015-12-11","Bad",36.41,0.779,34.52,21.02,"Y",407,1,1,"L8","NADIR",9,9,NA,"NOMINAL",NA
"L8_p43r34_20151227_water.tif","43","34","2015-12-27","Poor",30.33,0.908,52.34,54.54,"Y",271,6,2,"L8","NADIR",9,9,"FINAL","ESTIMATED",NA
"L8_p43r34_20160112_water.tif","43","34","2016-01-12","Poor",43.9,0.889,29.68,38.76,"Y",549,20,20,"L8","NADIR",9,9,"FINAL","ESTIMATED",NA
"L8_p43r34_20160128_water.tif","43","34","2016-01-28","Bad",18.62,0.943,71.72,67.93,"Y",157,1,0,"L8","NADIR",9,9,"FINAL","ESTIMATED",NA
"L8_p43r34_20160213_water.tif","43","34","2016-02-13","Fair",69.86,0.953,11.89,16.01,"Y",977,19,19,"L8","NADIR",9,9,"FINAL","ESTIMATED",NA
"L8_p43r34_20160229_water.tif","43","34","2016-02-29","Good",92.97,0.973,1,0.12,"N",1841,28,22,"L8","NADIR",9,9,"FINAL","ESTIMATED",NA
"L8_p43r34_20160316_water.tif","43","34","2016-03-16","Good",79.38,0.973,0.84,4.03,"N",1833,27,21,"L8","NADIR",9,9,"FINAL","ESTIMATED",NA
"L8_p43r34_20160401_water.tif","43","34","2016-04-01","Good",99.36,0.973,0.59,0.01,"N",1841,14,9,"L8","NADIR",9,9,"FINAL","ESTIMATED",NA
"L8_p43r34_20160417_water.tif","43","34","2016-04-17","Good",98.19,0.982,0.65,0.02,"N",1808,7,6,"L8","NADIR",9,9,"FINAL","ESTIMATED",NA
"L8_p43r34_20160503_water.tif","43","34","2016-05-03","Poor",25.08,0.953,79.66,57.17,"Y",387,15,15,"L8","NADIR",9,9,"FINAL","ESTIMATED",NA
"L8_p43r34_20160519_water.tif","43","34","2016-05-19","Good",83.25,0.976,4.36,6.5,"N",1592,24,18,"L8","NADIR",9,9,"FINAL","ESTIMATED",NA
"L8_p43r34_20160604_water.tif","43","34","2016-06-04","Bad",10.44,0,83.53,82.91,"Y",1,1,1,"L8","NADIR",9,9,"FINAL","ESTIMATED",NA
"L8_p43r34_20160620_water.tif","43","34","2016-06-20","Good",91.44,0.965,1.1,1.41,"N",601,21,20,"L8","NADIR",9,9,"ACTUAL","NOMINAL",NA
"L8_p43r34_20160706_water.tif","43","34","2016-07-06","Excellent",99.42,0.991,1.02,0.01,"N",955,5,4,"L8","NADIR",9,9,"FINAL","ESTIMATED",NA
"L8_p43r34_20160722_water.tif","43","34","2016-07-22","Excellent",99.25,0.994,0.17,0.02,"N",501,3,3,"L8","NADIR",9,9,"FINAL","ESTIMATED",NA
"L8_p43r34_20160807_water.tif","43","34","2016-08-07","Good",99.9,0.989,0.13,0,"N",732,5,5,"L8","NADIR",9,7,"PRELIMINARY","ESTIMATED",NA
"L8_p43r34_20160823_water.tif","43","34","2016-08-23","Good",99.58,0.986,1.04,0.01,"N",1509,2,2,"L8","NADIR",9,7,"PRELIMINARY","ESTIMATED",NA
"L8_p43r34_20160908_water.tif","43","34","2016-09-08","Good",99.83,0.989,1.46,0.01,"N",1435,4,4,"L8","NADIR",9,7,"PRELIMINARY","ESTIMATED",NA
"L8_p43r34_20160924_water.tif","43","34","2016-09-24","Good",99.58,0.964,0.09,0.01,"N",1762,4,4,"L8","NADIR",9,7,"PRELIMINARY","ESTIMATED",NA
"L8_p43r34_20161010_water.tif","43","34","2016-10-10","Fair",61.12,0.912,14.47,22.77,"Y",1437,3,3,"L8","NADIR",9,7,"PRELIMINARY","ESTIMATED",NA
"L8_p43r34_20161026_water.tif","43","34","2016-10-26","Good",97.81,0.953,0.63,0.03,"N",1840,10,10,"L8","NADIR",9,7,"PRELIMINARY","ESTIMATED",NA
"L8_p43r34_20161111_water.tif","43","34","2016-11-11","Fair",66.29,0.952,12.62,12.37,"Y",790,15,15,"L8","NADIR",9,7,"PRELIMINARY","ESTIMATED",NA
"L8_p43r34_20161127_water.tif","43","34","2016-11-27","Bad",51.09,0.708,12.91,10.56,"Y",726,2,2,"L8","NADIR",9,7,"PRELIMINARY","ESTIMATED",NA
"L8_p43r34_20161213_water.tif","43","34","2016-12-13","Bad",16.51,0.393,73.15,68.1,"Y",61,3,3,"L8","NADIR",9,7,"PRELIMINARY","ESTIMATED",NA
"L8_p43r34_20161229_water.tif","43","34","2016-12-29","Poor",70.38,0.804,1.36,0.75,"N",1841,32,29,"L8","NADIR",9,7,"PRELIMINARY","ESTIMATED",NA
"L8_p43r34_20170114_water.tif","43","34","2017-01-14","Bad",20.84,0.873,52.43,72.65,"Y",205,5,0,"L8","NADIR",9,9,"FINAL","ESTIMATED","TIRS"
"L8_p43r34_20170130_water.tif","43","34","2017-01-30","Poor",34.85,0.968,29.5,43.37,"Y",185,4,3,"L8","NADIR",9,9,"FINAL","ESTIMATED","TIRS"
"L8_p43r34_20170215_water.tif","43","34","2017-02-15","Bad",11.46,0.767,82.21,73.52,"Y",43,0,0,"L8","NADIR",9,9,"FINAL","ESTIMATED","TIRS"
"L8_p43r34_20170303_water.tif","43","34","2017-03-03","Fair",56.48,0.992,12.76,15.96,"Y",590,2,2,"L8","NADIR",9,9,"FINAL","ESTIMATED","TIRS"
"L8_p43r34_20170319_water.tif","43","34","2017-03-19","Bad",10.09,1,79.35,84.6,"Y",3,0,0,"L8","NADIR",9,9,"FINAL","ESTIMATED","TIRS"
"L8_p43r34_20170404_water.tif","43","34","2017-04-04","Fair",65.39,0.987,23.33,14.37,"Y",1086,6,6,"L8","NADIR",9,9,"FINAL","ESTIMATED","TIRS"
"L8_p43r34_20170420_water.tif","43","34","2017-04-20","Poor",48.91,0.995,7.8,4.11,"Y",613,0,0,"L8","NADIR",9,9,"FINAL","ESTIMATED","TIRS"
"L8_p43r34_20170506_water.tif","43","34","2017-05-06","Poor",28.58,1,59.06,28.32,"Y",191,0,0,"L8","NADIR",9,9,"FINAL","ESTIMATED","TIRS"
"L8_p43r34_20170522_water.tif","43","34","2017-05-22","Very Good",98.19,0.989,1.02,0,"N",1842,8,7,"L8","NADIR",9,9,"FINAL","ESTIMATED","TIRS"
"L8_p43r34_20170607_water.tif","43","34","2017-06-07","Poor",45.41,0.993,20.67,35.01,"Y",405,2,1,"L8","NADIR",9,9,"FINAL","ESTIMATED","TIRS"
"L8_p43r34_20170623_water.tif","43","34","2017-06-23","Very Good",97.28,0.989,1.39,0.03,"N",1842,9,8,"L8","NADIR",9,9,"FINAL","ESTIMATED","TIRS"
"L8_p43r34_20170709_water.tif","43","34","2017-07-09","Very Good",95.22,0.972,2.61,0.24,"N",1842,11,10,"L8","NADIR",9,9,"ACTUAL","NOMINAL","TIRS"
"L8_p43r34_20170725_water.tif","43","34","2017-07-25","Very Good",98.15,0.989,1.78,0,"N",1842,8,7,"L8","NADIR",9,9,"FINAL","ESTIMATED","TIRS"
"L8_p43r34_20170810_water.tif","43","34","2017-08-10","Very Good",95.3,0.99,0.88,0,"N",1841,8,8,"L8","NADIR",9,9,"FINAL","ESTIMATED","TIRS"
"L8_p43r34_20170826_water.tif","43","34","2017-08-26","Very Good",98.85,0.983,2.45,0,"N",1842,8,8,"L8","NADIR",9,9,"FINAL","ESTIMATED","TIRS"
"L8_p43r34_20170911_water.tif","43","34","2017-09-11","Fair",68.5,0.964,16.04,12.98,"Y",868,7,7,"L8","NADIR",9,9,"FINAL","ESTIMATED","TIRS"
"L8_p43r34_20170927_water.tif","43","34","2017-09-27","Very Good",95.28,0.986,0.38,0,"N",1842,9,9,"L8","NADIR",9,9,"FINAL","ESTIMATED","TIRS"
"L8_p43r34_20171013_water.tif","43","34","2017-10-13","Good",89.51,0.985,0.13,0.01,"N",1835,9,8,"L8","NADIR",9,9,"FINAL","ESTIMATED","TIRS"
"L8_p43r34_20171029_water.tif","43","34","2017-10-29","Fair",71.75,0.983,15.68,7.39,"Y",920,5,3,"L8","NADIR",9,9,"FINAL","ESTIMATED","TIRS"
"L8_p43r34_20171130_water.tif","43","34","2017-11-30","Fair",67.86,0.958,5.33,6.01,"Y",691,4,4,"L8","NADIR",9,9,"FINAL","ESTIMATED","TIRS"
"L8_p43r34_20171216_water.tif","43","34","2017-12-16","Fair",65.29,0.94,3.01,0.36,"N",1838,38,35,"L8","NADIR",9,9,"FINAL","ESTIMATED","TIRS"
"L8_p43r34_20180101_water.tif","43","34","2018-01-01","Bad",15.07,0.676,16.81,70.15,"Y",74,0,0,"L8","NADIR",9,9,"FINAL","ESTIMATED","TIRS"
"L8_p43r34_20180202_water.tif","43","34","2018-02-02","Fair",56.36,0.972,8.78,4.01,"Y",499,5,4,"L8","NADIR",9,9,"FINAL","ESTIMATED","TIRS"
"L8_p43r34_20180218_water.tif","43","34","2018-02-18","Fair",69.65,0.977,19.56,6.33,"Y",704,7,7,"L8","NADIR",9,9,"FINAL","ESTIMATED","TIRS"
"L8_p43r34_20180306_water.tif","43","34","2018-03-06","Fair",72.95,0.977,19.55,2.36,"Y",878,8,8,"L8","NADIR",9,9,"FINAL","ESTIMATED","TIRS"
"L8_p43r34_20180322_water.tif","43","34","2018-03-22","Bad",11.24,1,93.33,79,"Y",5,0,0,"L8","NADIR",9,9,"FINAL","ESTIMATED","TIRS"
"L8_p43r34_20180407_water.tif","43","34","2018-04-07","Bad",11.78,1,89.78,77.94,"Y",18,0,0,"L8","NADIR",9,9,"FINAL","ESTIMATED","TIRS"
"L8_p43r34_20180423_water.tif","43","34","2018-04-23","Good",79.63,0.987,5.34,1.71,"Y",1297,6,6,"L8","NADIR",9,9,"FINAL","ESTIMATED","TIRS"
"L8_p43r34_20180509_water.tif","43","34","2018-05-09","Good",84.26,0.985,1.51,0.01,"N",1827,10,10,"L8","NADIR",9,9,"FINAL","ESTIMATED","TIRS"
"L8_p43r34_20180525_water.tif","43","34","2018-05-25","Bad",9.58,0,95.46,83.96,"Y",0,0,0,"L8","NADIR",9,9,"FINAL","ESTIMATED","TIRS"
"L8_p43r34_20180610_water.tif","43","34","2018-06-10","Good",75.92,0.984,0.9,2.57,"N",1841,17,16,"L8","NADIR",9,9,"FINAL","ESTIMATED","TIRS"
"L8_p43r34_20180626_water.tif","43","34","2018-06-26","Very Good",98.53,0.986,0.76,0,"N",1841,20,19,"L8","NADIR",9,9,"FINAL","ESTIMATED","TIRS"
"L8_p43r34_20180712_water.tif","43","34","2018-07-12","Fair",57.88,0.91,17.75,8.71,"Y",769,5,5,"L8","NADIR",9,9,"FINAL","ESTIMATED","TIRS"
"L8_p43r34_20180728_water.tif","43","34","2018-07-28","Very Good",97.02,0.986,1.94,0,"N",1840,23,21,"L8","NADIR",9,9,"FINAL","ESTIMATED","TIRS"
"L8_p43r34_20180813_water.tif","43","34","2018-08-13","Very Good",97.29,0.974,0.85,0,"N",1841,19,19,"L8","NADIR",9,9,"FINAL","ESTIMATED","TIRS"
"L8_p43r34_20180829_water.tif","43","34","2018-08-29","Good",90.66,0.968,2.77,0.79,"N",1841,22,20,"L8","NADIR",9,9,"FINAL","ESTIMATED","TIRS"
"L8_p43r34_20180914_water.tif","43","34","2018-09-14","Fair",70.95,0.969,5.58,11.34,"Y",1019,12,12,"L8","NADIR",9,9,"FINAL","ESTIMATED","TIRS"
"L8_p43r34_20180930_water.tif","43","34","2018-09-30","Fair",68.41,0.974,0.91,2.7,"N",1842,21,21,"L8","NADIR",9,9,"FINAL","ESTIMATED","TIRS"
"L8_p43r34_20181016_water.tif","43","34","2018-10-16","Good",82.95,0.973,0.12,0.01,"N",1842,18,18,"L8","NADIR",9,9,"FINAL","ESTIMATED","TIRS"
"L8_p43r34_20181101_water.tif","43","34","2018-11-01","Bad",24.92,0.966,34.04,56.06,"Y",466,8,8,"L8","NADIR",9,9,"FINAL","ESTIMATED","TIRS"
"L8_p43r34_20181117_water.tif","43","34","2018-11-17","Poor",38.35,0.974,2.93,4.14,"N",1842,21,21,"L8","NADIR",9,9,"FINAL","ESTIMATED","TIRS"
"L8_p43r34_20181203_water.tif","43","34","2018-12-03","Fair",73.82,0.904,5.49,3.57,"Y",806,3,3,"L8","NADIR",9,9,"FINAL","ESTIMATED","TIRS"
"L8_p43r34_20181219_water.tif","43","34","2018-12-19","Bad",16.65,0.913,56.38,68.17,"Y",46,1,1,"L8","NADIR",9,9,"FINAL","ESTIMATED","TIRS"
"L8_p43r34_20190104_water.tif","43","34","2019-01-04","Bad",17.75,0.943,21.94,33.94,"Y",141,0,0,"L8","NADIR",9,9,"FINAL","ESTIMATED","TIRS"
"L8_p43r34_20190120_water.tif","43","34","2019-01-20","Bad",10.83,0,85.02,79.21,"Y",0,0,0,"L8","NADIR",9,9,"FINAL","ESTIMATED","TIRS"
"L8_p43r34_20190205_water.tif","43","34","2019-02-05","Bad",15.52,0.932,52.13,22.95,"Y",44,1,1,"L8","NADIR",9,9,"FINAL","ESTIMATED","TIRS"
"L8_p43r34_20190221_water.tif","43","34","2019-02-21","Poor",32.39,0.946,32.31,31.95,"Y",499,14,14,"L8","NADIR",9,9,"FINAL","ESTIMATED","TIRS"
"L8_p44r33_20130416_water.tif","44","33","2013-04-16","Very Good",98.96,0.983,1.37,0.03,"N",1476,5,0,"L8","NADIR",9,9,NA,NA,NA
"L8_p44r33_20130603_water.tif","44","33","2013-06-03","Excellent",95.63,0.991,0.44,0.66,"N",1482,0,0,"L8","NADIR",9,9,NA,NA,NA
"L8_p44r33_20130619_water.tif","44","33","2013-06-19","Very Good",96.08,0.989,1.14,0.24,"N",1476,2,0,"L8","NADIR",9,9,NA,NA,NA
"L8_p44r33_20130705_water.tif","44","33","2013-07-05","Very Good",99.3,0.989,0.16,0.01,"N",1531,0,0,"L8","NADIR",9,9,NA,NA,NA
"L8_p44r33_20130721_water.tif","44","33","2013-07-21","Excellent",98.07,0.99,0.12,0.06,"N",1531,0,0,"L8","NADIR",9,9,NA,NA,NA
"L8_p44r33_20130806_water.tif","44","33","2013-08-06","Fair",72.25,0.979,6.49,10.96,"Y",1309,0,0,"L8","NADIR",9,9,NA,NA,NA
"L8_p44r33_20130822_water.tif","44","33","2013-08-22","Good",86.43,0.982,5.29,3.03,"Y",1299,0,0,"L8","NADIR",9,9,NA,NA,NA
"L8_p44r33_20130907_water.tif","44","33","2013-09-07","Very Good",99.88,0.979,0.15,0,"N",1531,0,0,"L8","NADIR",9,9,NA,NA,NA
"L8_p44r33_20131009_water.tif","44","33","2013-10-09","Very Good",94.37,0.976,5.49,1.29,"Y",1393,0,0,"L8","NADIR",9,9,NA,NA,NA
"L8_p44r33_20131025_water.tif","44","33","2013-10-25","Good",94.59,0.967,0.38,0.11,"N",1531,0,0,"L8","NADIR",9,9,NA,NA,NA
"L8_p44r33_20131110_water.tif","44","33","2013-11-10","Good",93.16,0.958,0.58,0.14,"N",1531,0,0,"L8","NADIR",9,9,NA,NA,NA
"L8_p44r33_20131126_water.tif","44","33","2013-11-26","Bad",20.23,0.799,47.08,54.08,"Y",412,2,2,"L8","NADIR",9,9,NA,NA,NA
"L8_p44r33_20131212_water.tif","44","33","2013-12-12","Poor",76.39,0.862,1.26,0.49,"N",1531,6,6,"L8","NADIR",9,9,NA,NA,NA
"L8_p44r33_20131228_water.tif","44","33","2013-12-28","Fair",68.3,0.918,0.9,0.95,"N",1531,4,4,"L8","NADIR",9,9,NA,NA,NA
"L8_p44r33_20140113_water.tif","44","33","2014-01-13","Poor",78.79,0.886,0.69,0.58,"N",1531,3,3,"L8","NADIR",9,9,NA,NA,NA
"L8_p44r33_20140214_water.tif","44","33","2014-02-14","Bad",3.15,0.579,80.06,84.36,"Y",0,0,0,"L8","NADIR",9,9,NA,NA,NA
"L8_p44r33_20140318_water.tif","44","33","2014-03-18","Very Good",94.39,0.976,0.29,0.12,"N",1531,1,1,"L8","NADIR",9,9,NA,NA,NA
"L8_p44r33_20140403_water.tif","44","33","2014-04-03","Bad",14.24,0.987,56.82,66.6,"Y",237,0,0,"L8","NADIR",9,9,NA,NA,NA
"L8_p44r33_20140419_water.tif","44","33","2014-04-19","Good",83.88,0.965,0.71,7,"N",1531,3,2,"L8","NADIR",9,9,NA,NA,NA
"L8_p44r33_20140505_water.tif","44","33","2014-05-05","Bad",17.13,1,21.62,17.92,"Y",161,0,0,"L8","NADIR",9,9,NA,NA,NA
"L8_p44r33_20140521_water.tif","44","33","2014-05-21","Very Good",92.35,0.98,4.41,0.2,"N",1531,3,1,"L8","NADIR",9,9,NA,NA,NA
"L8_p44r33_20140606_water.tif","44","33","2014-06-06","Very Good",94.82,0.99,0.22,0.95,"N",1531,2,2,"L8","NADIR",9,9,NA,NA,NA
"L8_p44r33_20140622_water.tif","44","33","2014-06-22","Very Good",95.03,0.988,0.15,0.34,"N",1531,0,0,"L8","NADIR",9,9,NA,NA,NA
"L8_p44r33_20140708_water.tif","44","33","2014-07-08","Bad",16.33,0.885,38.57,57.29,"Y",174,0,0,"L8","NADIR",9,9,NA,NA,NA
"L8_p44r33_20140724_water.tif","44","33","2014-07-24","Very Good",99.59,0.985,0.12,0.01,"N",1529,0,0,"L8","NADIR",9,9,NA,NA,NA
"L8_p44r33_20140809_water.tif","44","33","2014-08-09","Very Good",99.1,0.986,0.18,0.01,"N",1531,0,0,"L8","NADIR",9,9,NA,NA,NA
"L8_p44r33_20140825_water.tif","44","33","2014-08-25","Good",93.84,0.961,6.94,0.89,"Y",1419,1,0,"L8","NADIR",9,9,NA,NA,NA
"L8_p44r33_20140910_water.tif","44","33","2014-09-10","Very Good",99.76,0.979,0.1,0.01,"N",1531,1,0,"L8","NADIR",9,9,NA,NA,NA
"L8_p44r33_20140926_water.tif","44","33","2014-09-26","Bad",24.72,0.977,21.43,23.66,"Y",176,0,0,"L8","NADIR",9,9,NA,NA,NA
"L8_p44r33_20141012_water.tif","44","33","2014-10-12","Good",91.32,0.966,0.25,0.14,"N",1531,3,1,"L8","NADIR",9,9,NA,NA,NA
"L8_p44r33_20141028_water.tif","44","33","2014-10-28","Good",97.44,0.96,0.33,0.09,"N",1531,3,2,"L8","NADIR",9,9,NA,NA,NA
"L8_p44r33_20141113_water.tif","44","33","2014-11-13","Bad",0.13,0.667,87.97,94.94,"Y",3,0,0,"L8","NADIR",9,9,NA,NA,NA
"L8_p44r33_20141129_water.tif","44","33","2014-11-29","Bad",11.32,0.534,77.43,41.52,"Y",103,44,44,"L8","NADIR",9,9,NA,NA,NA
"L8_p44r33_20141231_water.tif","44","33","2014-12-31","Poor",63.54,0.858,0.78,1.59,"N",1531,0,0,"L8","NADIR",9,9,NA,"ESTIMATED",NA
"L8_p44r33_20150201_water.tif","44","33","2015-02-01","Bad",13.24,0.951,64.41,74.14,"Y",103,0,0,"L8","NADIR",9,9,NA,"ESTIMATED",NA
"L8_p44r33_20150217_water.tif","44","33","2015-02-17","Bad",21.37,0.93,35.13,56.95,"Y",598,0,0,"L8","NADIR",9,9,NA,"ESTIMATED",NA
"L8_p44r33_20150305_water.tif","44","33","2015-03-05","Good",96.5,0.961,0.54,0.08,"N",1531,1,1,"L8","NADIR",9,9,NA,"NOMINAL",NA
"L8_p44r33_20150321_water.tif","44","33","2015-03-21","Very Good",92.28,0.972,1.12,1.75,"N",1531,2,2,"L8","NADIR",9,9,NA,NA,NA
"L8_p44r33_20150406_water.tif","44","33","2015-04-06","Bad",13.13,0.971,33.8,33.42,"Y",449,0,0,"L8","NADIR",9,9,NA,NA,NA
"L8_p44r33_20150422_water.tif","44","33","2015-04-22","Very Good",91.06,0.99,3.72,1.21,"N",1531,5,1,"L8","NADIR",9,9,NA,NA,NA
"L8_p44r33_20150508_water.tif","44","33","2015-05-08","Fair",65.3,0.954,3.68,2.84,"N",1531,7,7,"L8","NADIR",9,9,NA,"NOMINAL",NA
"L8_p44r33_20150524_water.tif","44","33","2015-05-24","Very Good",95.35,0.981,3.07,0.47,"N",1531,0,0,"L8","NADIR",9,9,NA,"NOMINAL",NA
"L8_p44r33_20150609_water.tif","44","33","2015-06-09","Bad",22.8,0.921,29.19,56.78,"Y",367,0,0,"L8","NADIR",9,9,NA,"NOMINAL",NA
"L8_p44r33_20150625_water.tif","44","33","2015-06-25","Very Good",96.52,0.987,0.13,0.63,"N",1530,0,0,"L8","NADIR",9,9,NA,"NOMINAL",NA
"L8_p44r33_20150711_water.tif","44","33","2015-07-11","Very Good",94.41,0.98,3.41,0.15,"N",1531,0,0,"L8","NADIR",9,9,NA,"NOMINAL",NA
"L8_p44r33_20150727_water.tif","44","33","2015-07-27","Excellent",99.43,0.996,0.24,0.01,"N",522,0,0,"L8","NADIR",9,9,NA,"NOMINAL",NA
"L8_p44r33_20150812_water.tif","44","33","2015-08-12","Excellent",99.16,0.991,0.18,0.01,"N",1009,0,0,"L8","NADIR",9,9,NA,"NOMINAL",NA
"L8_p44r33_20150828_water.tif","44","33","2015-08-28","Poor",32.8,0.968,35.64,42.29,"Y",709,0,0,"L8","NADIR",9,9,NA,"NOMINAL",NA
"L8_p44r33_20150913_water.tif","44","33","2015-09-13","Bad",0.44,0.667,76.74,89.02,"Y",3,0,0,"L8","NADIR",9,9,NA,"NOMINAL",NA
"L8_p44r33_20150929_water.tif","44","33","2015-09-29","Poor",73.99,0.879,10.41,14.1,"Y",1521,45,44,"L8","NADIR",9,9,NA,"NOMINAL",NA
"L8_p44r33_20151015_water.tif","44","33","2015-10-15","Fair",68.63,0.955,11.56,21.95,"Y",844,2,1,"L8","NADIR",9,9,NA,"NOMINAL",NA
"L8_p44r33_20151031_water.tif","44","33","2015-10-31","Fair",91.09,0.924,0.33,0.15,"N",1531,3,2,"L8","NADIR",9,9,NA,"NOMINAL",NA
"L8_p44r33_20151116_water.tif","44","33","2015-11-16","Bad",94.27,0.782,0.97,0.11,"N",1531,2,1,"L8","NADIR",9,9,NA,"ESTIMATED",NA
"L8_p44r33_20151202_water.tif","44","33","2015-12-02","Bad",3.2,0.88,75.48,83.5,"Y",25,0,0,"L8","NADIR",9,9,NA,"ESTIMATED",NA
"L8_p44r33_20151218_water.tif","44","33","2015-12-18","Bad",20.08,0.854,65.06,70.88,"Y",288,1,1,"L8","NADIR",9,9,NA,"ESTIMATED",NA
"L8_p44r33_20160119_water.tif","44","33","2016-01-19","Bad",1.34,0,80.59,84.98,"Y",0,0,0,"L8","NADIR",9,9,"FINAL","ESTIMATED",NA
"L8_p44r33_20160204_water.tif","44","33","2016-02-04","Bad",5.75,0.921,63,86.23,"Y",127,0,0,"L8","NADIR",9,9,"FINAL","ESTIMATED",NA
"L8_p44r33_20160323_water.tif","44","33","2016-03-23","Good",79.82,0.978,0.58,3.95,"N",1516,0,0,"L8","NADIR",9,9,"FINAL","ESTIMATED",NA
"L8_p44r33_20160408_water.tif","44","33","2016-04-08","Bad",20.27,0.994,38.64,62.83,"Y",169,0,0,"L8","NADIR",9,9,"FINAL","ESTIMATED",NA
"L8_p44r33_20160424_water.tif","44","33","2016-04-24","Fair",59.94,0.922,12.33,8,"Y",899,0,0,"L8","NADIR",9,9,"FINAL","ESTIMATED",NA
"L8_p44r33_20160510_water.tif","44","33","2016-05-10","Good",98.22,0.964,0.29,0.03,"N",1481,0,0,"L8","NADIR",9,9,"FINAL","ESTIMATED",NA
"L8_p44r33_20160526_water.tif","44","33","2016-05-26","Fair",95.3,0.95,3.45,0.39,"N",1494,0,0,"L8","NADIR",9,9,"FINAL","ESTIMATED",NA
"L8_p44r33_20160611_water.tif","44","33","2016-06-11","Poor",48.9,0.987,16.78,31.27,"Y",624,0,0,"L8","NADIR",9,9,"FINAL","ESTIMATED",NA
"L8_p44r33_20160627_water.tif","44","33","2016-06-27","Good",96.85,1,0.16,0.33,"N",439,0,0,"L8","NADIR",9,7,"PRELIMINARY","ESTIMATED",NA
"L8_p44r33_20160713_water.tif","44","33","2016-07-13","Excellent",98.71,0.998,0.15,0.02,"N",457,0,0,"L8","NADIR",9,9,"FINAL","ESTIMATED",NA
"L8_p44r33_20160729_water.tif","44","33","2016-07-29","Excellent",98.59,0.997,0.12,0.02,"N",590,0,0,"L8","NADIR",9,9,"FINAL","ESTIMATED",NA
"L8_p44r33_20160814_water.tif","44","33","2016-08-14","Good",99.81,0.996,0.2,0,"N",493,0,0,"L8","NADIR",9,7,"PRELIMINARY","ESTIMATED",NA
"L8_p44r33_20160830_water.tif","44","33","2016-08-30","Good",96.95,0.965,0.14,0.14,"N",1360,2,2,"L8","NADIR",9,7,"PRELIMINARY","ESTIMATED",NA
"L8_p44r33_20160915_water.tif","44","33","2016-09-15","Good",99.66,0.952,0.25,0.01,"N",1498,0,0,"L8","NADIR",9,9,"FINAL","ESTIMATED",NA
"L8_p44r33_20161001_water.tif","44","33","2016-10-01","Fair",99.74,0.929,0.14,0.01,"N",1531,0,0,"L8","NADIR",9,9,"FINAL","ESTIMATED",NA
"L8_p44r33_20161017_water.tif","44","33","2016-10-17","Bad",10.28,1,29.4,25.28,"Y",36,0,0,"L8","NADIR",9,7,"PRELIMINARY","ESTIMATED",NA
"L8_p44r33_20161102_water.tif","44","33","2016-11-02","Fair",75.82,0.903,2.74,5.9,"N",1531,7,7,"L8","NADIR",9,7,"PRELIMINARY","ESTIMATED",NA
"L8_p44r33_20161118_water.tif","44","33","2016-11-18","Bad",91.01,0.696,0.43,0.15,"N",1531,0,0,"L8","NADIR",9,7,"PRELIMINARY","ESTIMATED",NA
"L8_p44r33_20161204_water.tif","44","33","2016-12-04","Bad",20.83,0.964,72.45,62.09,"Y",247,0,0,"L8","NADIR",9,9,"FINAL","ESTIMATED","TIRS"
"L8_p44r33_20161220_water.tif","44","33","2016-12-20","Bad",17.7,0.932,37.49,51.76,"Y",206,0,0,"L8","NADIR",9,9,"FINAL","ESTIMATED","TIRS"
"L8_p44r33_20170105_water.tif","44","33","2017-01-05","Bad",71.44,0.747,15,4.54,"Y",613,0,0,"L8","NADIR",9,9,"FINAL","ESTIMATED","TIRS"
"L8_p44r33_20170121_water.tif","44","33","2017-01-21","Bad",20.8,0.949,53.58,40.24,"Y",138,0,0,"L8","NADIR",9,9,"FINAL","ESTIMATED","TIRS"
"L8_p44r33_20170206_water.tif","44","33","2017-02-06","Bad",2.03,0,77,87.17,"Y",0,0,0,"L8","NADIR",9,9,"FINAL","ESTIMATED","TIRS"
"L8_p44r33_20170222_water.tif","44","33","2017-02-22","Bad",12.53,0.873,51.33,61.45,"Y",134,0,0,"L8","NADIR",9,7,"PRELIMINARY","ESTIMATED",NA
"L8_p44r33_20170326_water.tif","44","33","2017-03-26","Bad",0.78,0,87.61,88.99,"Y",0,0,0,"L8","NADIR",9,9,"FINAL","ESTIMATED",NA
"L8_p44r33_20170427_water.tif","44","33","2017-04-27","Fair",50.33,0.982,16.39,13.77,"Y",834,0,0,"L8","NADIR",9,9,"FINAL","ESTIMATED","TIRS"
"L8_p44r33_20170513_water.tif","44","33","2017-05-13","Good",86.33,0.99,4.94,0.02,"N",1529,0,0,"L8","NADIR",9,9,"FINAL","ESTIMATED","TIRS"
"L8_p44r33_20170529_water.tif","44","33","2017-05-29","Fair",69.75,0.984,17,5.32,"Y",921,1,1,"L8","NADIR",9,9,"FINAL","ESTIMATED","TIRS"
"L8_p44r33_20170614_water.tif","44","33","2017-06-14","Good",85.01,0.986,0.51,0.27,"N",1531,3,3,"L8","NADIR",9,9,"FINAL","ESTIMATED","TIRS"
"L8_p44r33_20170630_water.tif","44","33","2017-06-30","Good",89.27,0.992,0.59,0.07,"N",1530,3,3,"L8","NADIR",9,9,"FINAL","ESTIMATED","TIRS"
"L8_p44r33_20170716_water.tif","44","33","2017-07-16","Very Good",98.31,0.977,0.01,0,"N",1529,3,3,"L8","NADIR",9,9,"FINAL","ESTIMATED","TIRS"
"L8_p44r33_20170801_water.tif","44","33","2017-08-01","Good",89.28,0.96,0.26,0.01,"N",1530,3,3,"L8","NADIR",9,9,"FINAL","ESTIMATED","TIRS"
"L8_p44r33_20170817_water.tif","44","33","2017-08-17","Good",84.58,0.978,0.9,0.01,"N",1531,2,2,"L8","NADIR",9,9,"FINAL","ESTIMATED","TIRS"
"L8_p44r33_20170902_water.tif","44","33","2017-09-02","Good",85.59,0.975,0.04,0.06,"N",1530,3,3,"L8","NADIR",9,9,"FINAL","ESTIMATED","TIRS"
"L8_p44r33_20170918_water.tif","44","33","2017-09-18","Poor",43.96,0.959,31.65,21.05,"Y",614,2,2,"L8","NADIR",9,9,"FINAL","ESTIMATED","TIRS"
"L8_p44r33_20171004_water.tif","44","33","2017-10-04","Good",86.37,0.965,0.01,0.01,"N",1531,3,3,"L8","NADIR",9,9,"FINAL","ESTIMATED","TIRS"
"L8_p44r33_20171020_water.tif","44","33","2017-10-20","Poor",35.39,0.964,54.98,50.7,"Y",248,0,0,"L8","NADIR",9,9,"FINAL","ESTIMATED","TIRS"
"L8_p44r33_20171105_water.tif","44","33","2017-11-05","Fair",75.26,0.947,14.85,2.11,"Y",1079,1,1,"L8","NADIR",9,9,"FINAL","ESTIMATED","TIRS"
"L8_p44r33_20171121_water.tif","44","33","2017-11-21","Poor",27.12,0.88,45.26,52.47,"Y",209,1,1,"L8","NADIR",9,9,"FINAL","ESTIMATED","TIRS"
"L8_p44r33_20171207_water.tif","44","33","2017-12-07","Poor",27.67,0.887,0.44,0.3,"N",1531,4,4,"L8","NADIR",9,9,"FINAL","ESTIMATED","TIRS"
"L8_p44r33_20171223_water.tif","44","33","2017-12-23","Bad",2.97,1,48.5,76.09,"Y",2,0,0,"L8","NADIR",9,9,"FINAL","ESTIMATED","TIRS"
"L8_p44r33_20180209_water.tif","44","33","2018-02-09","Poor",43.13,0.932,22.69,35.61,"Y",632,0,0,"L8","NADIR",9,9,"FINAL","ESTIMATED","TIRS"
"L8_p44r33_20180225_water.tif","44","33","2018-02-25","Fair",72.26,0.968,8.18,8.86,"Y",786,1,1,"L8","NADIR",9,9,"FINAL","ESTIMATED","TIRS"
"L8_p44r33_20180329_water.tif","44","33","2018-03-29","Fair",51.46,0.97,7.43,14.51,"Y",565,0,0,"L8","NADIR",9,9,"FINAL","ESTIMATED","TIRS"
"L8_p44r33_20180414_water.tif","44","33","2018-04-14","Good",89.09,0.982,0.38,0.01,"N",1531,0,0,"L8","NADIR",9,9,"FINAL","ESTIMATED","TIRS"
"L8_p44r33_20180430_water.tif","44","33","2018-04-30","Bad",24.99,0.993,51.56,61.94,"Y",144,1,1,"L8","NADIR",9,9,"FINAL","ESTIMATED","TIRS"
"L8_p44r33_20180516_water.tif","44","33","2018-05-16","Bad",0.35,0,77.5,77.52,"Y",0,0,0,"L8","NADIR",9,9,"FINAL","ESTIMATED","TIRS"
"L8_p44r33_20180601_water.tif","44","33","2018-06-01","Fair",70.96,0.992,0.27,0.13,"N",1530,1,1,"L8","NADIR",9,9,"FINAL","ESTIMATED","TIRS"
"L8_p44r33_20180617_water.tif","44","33","2018-06-17","Poor",30.25,0.985,14.79,10.25,"Y",204,0,0,"L8","NADIR",9,9,"FINAL","ESTIMATED","TIRS"
"L8_p44r33_20180703_water.tif","44","33","2018-07-03","Good",81.16,0.994,0.75,0.73,"N",1529,2,2,"L8","NADIR",9,9,"FINAL","ESTIMATED","TIRS"
"L8_p44r33_20180719_water.tif","44","33","2018-07-19","Good",90.45,0.969,1.73,1.54,"N",1528,3,3,"L8","NADIR",9,9,"FINAL","ESTIMATED","TIRS"
"L8_p44r33_20180804_water.tif","44","33","2018-08-04","Fair",62.18,0.991,2.66,3.92,"N",1528,4,4,"L8","NADIR",9,9,"FINAL","ESTIMATED","TIRS"
"L8_p44r33_20180820_water.tif","44","33","2018-08-20","Very Good",92.37,0.986,1.1,0.01,"N",1529,10,1,"L8","NADIR",9,9,"FINAL","ESTIMATED","TIRS"
"L8_p44r33_20180905_water.tif","44","33","2018-09-05","Good",84.34,0.981,3.1,0.03,"N",1529,4,1,"L8","NADIR",9,9,"FINAL","ESTIMATED","TIRS"
"L8_p44r33_20180921_water.tif","44","33","2018-09-21","Very Good",93.4,0.973,0,0,"N",1529,2,2,"L8","NADIR",9,9,"FINAL","ESTIMATED","TIRS"
"L8_p44r33_20181007_water.tif","44","33","2018-10-07","Good",80.56,0.965,0.05,0.09,"N",1531,3,3,"L8","NADIR",9,9,"FINAL","ESTIMATED","TIRS"
"L8_p44r33_20181023_water.tif","44","33","2018-10-23","Bad",0.93,1,72.88,89.71,"Y",23,0,0,"L8","NADIR",9,9,"FINAL","ESTIMATED","TIRS"
"L8_p44r33_20181108_water.tif","44","33","2018-11-08","Poor",40.86,0.984,11.71,14.33,"Y",504,2,2,"L8","NADIR",9,9,"FINAL","ESTIMATED","TIRS"
"L8_p44r33_20181124_water.tif","44","33","2018-11-24","Bad",5.61,1,66.9,65.9,"Y",6,0,0,"L8","NADIR",9,9,"FINAL","ESTIMATED","TIRS"
"L8_p44r33_20181210_water.tif","44","33","2018-12-10","Bad",23.57,0.927,55.86,52,"Y",96,1,1,"L8","NADIR",9,9,"FINAL","ESTIMATED","TIRS"
"L8_p44r33_20181226_water.tif","44","33","2018-12-26","Poor",44.82,0.938,5.93,6.01,"Y",419,0,0,"L8","NADIR",9,9,"FINAL","ESTIMATED","TIRS"
"L8_p44r33_20190111_water.tif","44","33","2019-01-11","Bad",3.82,0.828,80.33,76.39,"Y",58,0,0,"L8","NADIR",9,9,"FINAL","ESTIMATED","TIRS"
"L8_p44r33_20190127_water.tif","44","33","2019-01-27","Poor",33.23,0.88,5.07,6.4,"Y",208,0,0,"L8","NADIR",9,9,"FINAL","ESTIMATED","TIRS"
"L8_p44r34_20130416_water.tif","44","34","2013-04-16","Very Good",94.43,0.984,0.35,0.12,"N",997,1,1,"L8","NADIR",9,9,NA,NA,NA
"L8_p44r34_20130603_water.tif","44","34","2013-06-03","Good",94.37,0.991,35.4,0.15,"Y",586,1,1,"L8","NADIR",9,9,NA,NA,NA
"L8_p44r34_20130619_water.tif","44","34","2013-06-19","Very Good",92.24,0.996,0.48,0.23,"N",776,1,1,"L8","NADIR",9,9,NA,NA,NA
"L8_p44r34_20130705_water.tif","44","34","2013-07-05","Good",99.55,0.99,34.67,0.01,"Y",585,2,2,"L8","NADIR",9,9,NA,NA,NA
"L8_p44r34_20130721_water.tif","44","34","2013-07-21","Good",98.39,0.984,36.23,0.06,"Y",633,0,0,"L8","NADIR",9,9,NA,NA,NA
"L8_p44r34_20130806_water.tif","44","34","2013-08-06","Fair",62.48,0.929,33.79,7.04,"Y",964,58,42,"L8","NADIR",9,9,NA,NA,NA
"L8_p44r34_20130822_water.tif","44","34","2013-08-22","Good",99.03,0.973,34.83,0.03,"Y",967,1,1,"L8","NADIR",9,9,NA,NA,NA
"L8_p44r34_20130907_water.tif","44","34","2013-09-07","Excellent",100,0.997,1.11,0.01,"N",326,1,0,"L8","NADIR",9,9,NA,NA,NA
"L8_p44r34_20130923_water.tif","44","34","2013-09-23","Fair",99.29,0.936,0.35,0.05,"N",1011,2,1,"L8","NADIR",9,9,NA,NA,NA
"L8_p44r34_20131009_water.tif","44","34","2013-10-09","Good",79.09,0.98,11.41,4.15,"Y",1022,3,2,"L8","NADIR",9,9,NA,NA,NA
"L8_p44r34_20131025_water.tif","44","34","2013-10-25","Good",99.82,0.97,7.59,0.03,"Y",1022,6,1,"L8","NADIR",9,9,NA,NA,NA
"L8_p44r34_20131110_water.tif","44","34","2013-11-10","Good",98.4,0.976,27.99,0.07,"Y",1021,1,1,"L8","NADIR",9,9,NA,NA,NA
"L8_p44r34_20131126_water.tif","44","34","2013-11-26","Bad",15.9,1,44.9,66.19,"Y",1,0,0,"L8","NADIR",9,9,NA,NA,NA
"L8_p44r34_20131212_water.tif","44","34","2013-12-12","Poor",67.08,0.9,0.76,1.16,"N",1018,18,18,"L8","NADIR",9,9,NA,NA,NA
"L8_p44r34_20131228_water.tif","44","34","2013-12-28","Fair",67.36,0.95,0.72,1.68,"N",1018,2,2,"L8","NADIR",9,9,NA,NA,NA
"L8_p44r34_20140113_water.tif","44","34","2014-01-13","Fair",68.62,0.907,0.54,1.24,"N",1022,0,0,"L8","NADIR",9,9,NA,NA,NA
"L8_p44r34_20140129_water.tif","44","34","2014-01-29","Bad",17,0,84.53,73.77,"Y",0,0,0,"L8","NADIR",9,9,NA,NA,NA
"L8_p44r34_20140214_water.tif","44","34","2014-02-14","Bad",17.25,0.733,69.7,62.34,"Y",15,0,0,"L8","NADIR",9,9,NA,NA,NA
"L8_p44r34_20140318_water.tif","44","34","2014-03-18","Very Good",90.59,0.981,0.34,0.2,"N",1018,1,1,"L8","NADIR",9,9,NA,NA,NA
"L8_p44r34_20140403_water.tif","44","34","2014-04-03","Poor",35.92,0.898,18.2,36.87,"Y",1018,36,15,"L8","NADIR",9,9,NA,NA,NA
"L8_p44r34_20140419_water.tif","44","34","2014-04-19","Good",89.12,0.981,11.35,2.06,"Y",1007,2,1,"L8","NADIR",9,9,NA,NA,NA
"L8_p44r34_20140505_water.tif","44","34","2014-05-05","Poor",38.91,0.9,18.29,15.65,"Y",1020,49,36,"L8","NADIR",9,9,NA,NA,NA
"L8_p44r34_20140521_water.tif","44","34","2014-05-21","Good",92.41,0.981,31.31,0.12,"Y",955,2,1,"L8","NADIR",9,9,NA,NA,NA
"L8_p44r34_20140606_water.tif","44","34","2014-06-06","Good",94.92,0.996,34.58,0.15,"Y",677,3,1,"L8","NADIR",9,9,NA,NA,NA
"L8_p44r34_20140622_water.tif","44","34","2014-06-22","Good",97.24,0.996,30.02,0.12,"Y",476,1,1,"L8","NADIR",9,9,NA,NA,NA
"L8_p44r34_20140708_water.tif","44","34","2014-07-08","Fair",52.83,0.955,35.43,23.06,"Y",288,2,2,"L8","NADIR",9,9,NA,NA,NA
"L8_p44r34_20140724_water.tif","44","34","2014-07-24","Excellent",98.23,0.995,0.43,0.07,"N",370,1,1,"L8","NADIR",9,9,NA,NA,NA
"L8_p44r34_20140809_water.tif","44","34","2014-08-09","Good",99.23,0.987,38.24,0.02,"Y",545,2,2,"L8","NADIR",9,9,NA,NA,NA
"L8_p44r34_20140825_water.tif","44","34","2014-08-25","Fair",60.14,0.933,64.37,29.12,"Y",682,2,2,"L8","NADIR",9,9,NA,NA,NA
"L8_p44r34_20140910_water.tif","44","34","2014-09-10","Very Good",99.73,0.988,24.8,0.01,"Y",595,2,2,"L8","NADIR",9,9,NA,NA,NA
"L8_p44r34_20140926_water.tif","44","34","2014-09-26","Bad",22.68,0.988,11.19,18.08,"Y",81,0,0,"L8","NADIR",9,9,NA,NA,NA
"L8_p44r34_20141012_water.tif","44","34","2014-10-12","Good",92.31,0.954,0.5,0.16,"N",987,3,3,"L8","NADIR",9,9,NA,NA,NA
"L8_p44r34_20141028_water.tif","44","34","2014-10-28","Good",98.44,0.963,0.67,0.08,"N",1022,5,5,"L8","NADIR",9,9,NA,NA,NA
"L8_p44r34_20141129_water.tif","44","34","2014-11-29","Bad",13.61,0.5,77.31,71.78,"Y",6,0,0,"L8","NADIR",9,9,NA,NA,NA
"L8_p44r34_20141215_water.tif","44","34","2014-12-15","Bad",12.6,0,65.66,83.33,"Y",0,0,0,"L8","NADIR",9,9,NA,NA,NA
"L8_p44r34_20141231_water.tif","44","34","2014-12-31","Fair",59.89,0.946,0.69,1.67,"N",1022,2,2,"L8","NADIR",9,9,NA,"ESTIMATED",NA
"L8_p44r34_20150116_water.tif","44","34","2015-01-16","Bad",11.54,0,73.44,83.52,"Y",0,0,0,"L8","NADIR",9,9,NA,"ESTIMATED",NA
"L8_p44r34_20150201_water.tif","44","34","2015-02-01","Poor",27.34,1,34.85,33.4,"Y",5,0,0,"L8","NADIR",9,9,NA,"ESTIMATED",NA
"L8_p44r34_20150217_water.tif","44","34","2015-02-17","Bad",18.9,0.948,79.52,62.95,"Y",58,0,0,"L8","NADIR",9,9,NA,"ESTIMATED",NA
"L8_p44r34_20150305_water.tif","44","34","2015-03-05","Very Good",93.46,0.975,0.7,0.16,"N",1020,1,1,"L8","NADIR",9,9,NA,"NOMINAL",NA
"L8_p44r34_20150321_water.tif","44","34","2015-03-21","Good",89.29,0.984,12.94,0.63,"Y",941,1,1,"L8","NADIR",9,9,NA,NA,NA
"L8_p44r34_20150406_water.tif","44","34","2015-04-06","Poor",39.12,0.995,27.31,14.57,"Y",215,1,1,"L8","NADIR",9,9,NA,NA,NA
"L8_p44r34_20150422_water.tif","44","34","2015-04-22","Fair",70.15,0.98,54.67,4.4,"Y",647,1,1,"L8","NADIR",9,9,NA,NA,NA
"L8_p44r34_20150508_water.tif","44","34","2015-05-08","Fair",50.29,0.965,39.08,4.94,"Y",577,1,1,"L8","NADIR",9,9,NA,"NOMINAL",NA
"L8_p44r34_20150524_water.tif","44","34","2015-05-24","Good",98.68,0.982,37.78,0.04,"Y",931,1,1,"L8","NADIR",9,9,NA,"NOMINAL",NA
"L8_p44r34_20150609_water.tif","44","34","2015-06-09","Bad",12.53,1,83.25,82.59,"Y",6,0,0,"L8","NADIR",9,9,NA,"NOMINAL",NA
"L8_p44r34_20150625_water.tif","44","34","2015-06-25","Excellent",99.05,0.997,4.99,0.04,"N",316,1,1,"L8","NADIR",9,9,NA,"NOMINAL",NA
"L8_p44r34_20150711_water.tif","44","34","2015-07-11","Very Good",96.87,0.975,20.54,0.04,"Y",990,1,1,"L8","NADIR",9,9,NA,"NOMINAL",NA
"L8_p44r34_20150727_water.tif","44","34","2015-07-27","Excellent",98.28,1,0.5,0.07,"N",335,0,0,"L8","NADIR",9,9,NA,"NOMINAL",NA
"L8_p44r34_20150812_water.tif","44","34","2015-08-12","Very Good",98.66,0.989,0.44,0.02,"N",803,1,1,"L8","NADIR",9,9,NA,"NOMINAL",NA
"L8_p44r34_20150828_water.tif","44","34","2015-08-28","Poor",43.66,0.973,35.43,34.1,"Y",113,0,0,"L8","NADIR",9,9,NA,"NOMINAL",NA
"L8_p44r34_20150913_water.tif","44","34","2015-09-13","Bad",12.65,0.333,76.34,67.29,"Y",3,0,0,"L8","NADIR",9,9,NA,"NOMINAL",NA
"L8_p44r34_20150929_water.tif","44","34","2015-09-29","Poor",29.62,0.971,61.38,63.38,"Y",310,0,0,"L8","NADIR",9,9,NA,"NOMINAL",NA
"L8_p44r34_20151015_water.tif","44","34","2015-10-15","Bad",14.99,0.949,62.27,67.59,"Y",39,0,0,"L8","NADIR",9,9,NA,"NOMINAL",NA
"L8_p44r34_20151031_water.tif","44","34","2015-10-31","Good",81.09,0.955,3.17,0.42,"N",1022,3,3,"L8","NADIR",9,9,NA,"NOMINAL",NA
"L8_p44r34_20151116_water.tif","44","34","2015-11-16","Poor",85.49,0.887,0.6,0.26,"N",1022,1,1,"L8","NADIR",9,9,NA,"ESTIMATED",NA
"L8_p44r34_20151202_water.tif","44","34","2015-12-02","Bad",12.68,0,87.87,83.26,"Y",0,0,0,"L8","NADIR",9,9,NA,"ESTIMATED",NA
"L8_p44r34_20151218_water.tif","44","34","2015-12-18","Poor",50.96,0.863,43.91,16.6,"Y",1022,56,9,"L8","NADIR",9,9,NA,"ESTIMATED",NA
"L8_p44r34_20160103_water.tif","44","34","2016-01-03","Bad",21.79,0.818,78.6,44.37,"Y",11,0,0,"L8","NADIR",9,9,"FINAL","ESTIMATED",NA
"L8_p44r34_20160119_water.tif","44","34","2016-01-19","Bad",12.75,0.636,79.84,78.2,"Y",11,0,0,"L8","NADIR",9,9,"FINAL","ESTIMATED",NA
"L8_p44r34_20160204_water.tif","44","34","2016-02-04","Poor",35.59,0.964,9.46,17.92,"Y",194,0,0,"L8","NADIR",9,9,"FINAL","ESTIMATED",NA
"L8_p44r34_20160307_water.tif","44","34","2016-03-07","Bad",13.47,0,68.52,82.32,"Y",0,0,0,"L8","NADIR",9,9,"FINAL","ESTIMATED",NA
"L8_p44r34_20160323_water.tif","44","34","2016-03-23","Good",83.24,0.982,10.14,5.21,"Y",931,1,1,"L8","NADIR",9,9,"FINAL","ESTIMATED",NA
"L8_p44r34_20160408_water.tif","44","34","2016-04-08","Bad",22.42,1,81.09,58.74,"Y",54,0,0,"L8","NADIR",9,9,"FINAL","ESTIMATED",NA
"L8_p44r34_20160424_water.tif","44","34","2016-04-24","Poor",34.06,0.947,17.04,17.26,"Y",171,1,0,"L8","NADIR",9,9,"FINAL","ESTIMATED",NA
"L8_p44r34_20160510_water.tif","44","34","2016-05-10","Good",95.9,0.981,39.28,0.51,"Y",971,1,1,"L8","NADIR",9,9,"FINAL","ESTIMATED",NA
"L8_p44r34_20160526_water.tif","44","34","2016-05-26","Good",98.2,0.982,33.82,0.03,"Y",947,1,1,"L8","NADIR",9,9,"FINAL","ESTIMATED",NA
"L8_p44r34_20160611_water.tif","44","34","2016-06-11","Fair",64.77,0.976,16.52,9.64,"Y",499,1,1,"L8","NADIR",9,9,"FINAL","ESTIMATED",NA
"L8_p44r34_20160627_water.tif","44","34","2016-06-27","Good",98.37,1,27.81,0.09,"Y",288,0,0,"L8","NADIR",9,7,"PRELIMINARY","ESTIMATED",NA
"L8_p44r34_20160713_water.tif","44","34","2016-07-13","Good",98.23,0.997,31.15,0.06,"Y",300,1,1,"L8","NADIR",9,9,"FINAL","ESTIMATED",NA
"L8_p44r34_20160814_water.tif","44","34","2016-08-14","Good",99.73,0.988,33.74,0.01,"Y",408,1,1,"L8","NADIR",9,7,"PRELIMINARY","ESTIMATED",NA
"L8_p44r34_20160830_water.tif","44","34","2016-08-30","Good",95.94,0.984,0.49,0.17,"N",922,3,3,"L8","NADIR",9,7,"PRELIMINARY","ESTIMATED",NA
"L8_p44r34_20160915_water.tif","44","34","2016-09-15","Good",99.36,0.974,29.56,0.01,"Y",926,1,1,"L8","NADIR",9,9,"FINAL","ESTIMATED",NA
"L8_p44r34_20161001_water.tif","44","34","2016-10-01","Good",99.95,0.964,1.05,0.02,"N",1019,3,1,"L8","NADIR",9,9,"FINAL","ESTIMATED",NA
"L8_p44r34_20161017_water.tif","44","34","2016-10-17","Bad",15.36,1,11.85,21.98,"Y",12,0,0,"L8","NADIR",9,7,"PRELIMINARY","ESTIMATED",NA
"L8_p44r34_20161102_water.tif","44","34","2016-11-02","Good",93.42,0.95,0.63,0.13,"N",1022,1,1,"L8","NADIR",9,7,"PRELIMINARY","ESTIMATED",NA
"L8_p44r34_20161118_water.tif","44","34","2016-11-18","Bad",76.69,0.773,0.59,0.47,"N",1022,1,1,"L8","NADIR",9,7,"PRELIMINARY","ESTIMATED",NA
"L8_p44r34_20161204_water.tif","44","34","2016-12-04","Poor",43.09,0.98,18.19,12.02,"Y",153,1,1,"L8","NADIR",9,7,"PRELIMINARY","ESTIMATED",NA
"L8_p44r34_20161220_water.tif","44","34","2016-12-20","Poor",36.23,0.966,2.21,16.56,"N",1014,0,0,"L8","NADIR",9,7,"PRELIMINARY","ESTIMATED",NA
"L8_p44r34_20170105_water.tif","44","34","2017-01-05","Poor",59.06,0.9,9.03,5.49,"Y",200,0,0,"L8","NADIR",9,9,"FINAL","ESTIMATED","TIRS"
"L8_p44r34_20170121_water.tif","44","34","2017-01-21","Bad",20.6,0.898,48.41,47.19,"Y",88,0,0,"L8","NADIR",9,9,"FINAL","ESTIMATED","TIRS"
"L8_p44r34_20170222_water.tif","44","34","2017-02-22","Poor",35.79,0.876,47.24,31.41,"Y",89,0,0,"L8","NADIR",9,9,"FINAL","ESTIMATED","TIRS"
"L8_p44r34_20170326_water.tif","44","34","2017-03-26","Bad",13.85,1,80.57,71.03,"Y",9,0,0,"L8","NADIR",9,9,"FINAL","ESTIMATED","TIRS"
"L8_p44r34_20170427_water.tif","44","34","2017-04-27","Fair",61.57,0.989,9.84,3.62,"Y",537,0,0,"L8","NADIR",9,9,"FINAL","ESTIMATED","TIRS"
"L8_p44r34_20170513_water.tif","44","34","2017-05-13","Good",77.18,0.987,0.5,0.05,"N",1022,0,0,"L8","NADIR",9,9,"FINAL","ESTIMATED","TIRS"
"L8_p44r34_20170529_water.tif","44","34","2017-05-29","Poor",41.02,0.994,61.71,18.7,"Y",179,0,0,"L8","NADIR",9,9,"FINAL","ESTIMATED","TIRS"
"L8_p44r34_20170614_water.tif","44","34","2017-06-14","Good",77.73,0.984,0.09,0.11,"N",1022,0,0,"L8","NADIR",9,9,"FINAL","ESTIMATED","TIRS"
"L8_p44r34_20170630_water.tif","44","34","2017-06-30","Good",80.71,0.991,38.77,0.09,"Y",698,1,1,"L8","NADIR",9,9,"FINAL","ESTIMATED","TIRS"
"L8_p44r34_20170716_water.tif","44","34","2017-07-16","Good",75.7,0.961,0.36,2.52,"N",1022,1,1,"L8","NADIR",9,9,"FINAL","ESTIMATED","TIRS"
"L8_p44r34_20170801_water.tif","44","34","2017-08-01","Good",93.95,0.953,29.9,0,"Y",833,1,1,"L8","NADIR",9,9,"FINAL","ESTIMATED","TIRS"
"L8_p44r34_20170817_water.tif","44","34","2017-08-17","Good",88.37,0.985,34.36,0.01,"Y",743,0,0,"L8","NADIR",9,9,"FINAL","ESTIMATED","TIRS"
"L8_p44r34_20170902_water.tif","44","34","2017-09-02","Good",85.32,0.975,3.55,0.11,"N",1022,0,0,"L8","NADIR",9,9,"FINAL","ESTIMATED","TIRS"
"L8_p44r34_20170918_water.tif","44","34","2017-09-18","Fair",58.34,0.952,48.43,9.57,"Y",355,0,0,"L8","NADIR",9,9,"FINAL","ESTIMATED","TIRS"
"L8_p44r34_20171004_water.tif","44","34","2017-10-04","Good",78,0.973,4.25,0.01,"N",1022,1,1,"L8","NADIR",9,9,"FINAL","ESTIMATED","TIRS"
"L8_p44r34_20171020_water.tif","44","34","2017-10-20","Bad",19.18,0,77.39,65.41,"Y",0,0,0,"L8","NADIR",9,9,"FINAL","ESTIMATED","TIRS"
"L8_p44r34_20171105_water.tif","44","34","2017-11-05","Good",90.04,0.966,8.55,0.04,"Y",679,0,0,"L8","NADIR",9,9,"FINAL","ESTIMATED","TIRS"
"L8_p44r34_20171121_water.tif","44","34","2017-11-21","Bad",12.9,0.769,31.76,73.72,"Y",13,0,0,"L8","NADIR",9,9,"FINAL","ESTIMATED","TIRS"
"L8_p44r34_20171207_water.tif","44","34","2017-12-07","Poor",31.3,0.921,0.22,0.4,"N",1022,0,0,"L8","NADIR",9,9,"FINAL","ESTIMATED","TIRS"
"L8_p44r34_20171223_water.tif","44","34","2017-12-23","Bad",14.62,0,68.06,75.23,"Y",0,0,0,"L8","NADIR",9,9,"FINAL","ESTIMATED","TIRS"
"L8_p44r34_20180124_water.tif","44","34","2018-01-24","Bad",12.89,0,92.91,82.69,"Y",0,0,0,"L8","NADIR",9,9,"FINAL","ESTIMATED","TIRS"
"L8_p44r34_20180209_water.tif","44","34","2018-02-09","Poor",40.19,0.954,0.39,0.22,"N",1022,0,0,"L8","NADIR",9,9,"FINAL","ESTIMATED","TIRS"
"L8_p44r34_20180225_water.tif","44","34","2018-02-25","Fair",70.27,0.972,0.03,0.04,"N",1022,0,0,"L8","NADIR",9,9,"FINAL","ESTIMATED","TIRS"
"L8_p44r34_20180329_water.tif","44","34","2018-03-29","Fair",56.85,0.975,0.07,0.33,"N",1022,0,0,"L8","NADIR",9,9,"FINAL","ESTIMATED","TIRS"
"L8_p44r34_20180414_water.tif","44","34","2018-04-14","Good",79.07,0.981,0.06,0.02,"N",1022,0,0,"L8","NADIR",9,9,"FINAL","ESTIMATED","TIRS"
"L8_p44r34_20180430_water.tif","44","34","2018-04-30","Bad",15,0.917,54.09,65.68,"Y",12,0,0,"L8","NADIR",9,9,"FINAL","ESTIMATED","TIRS"
"L8_p44r34_20180516_water.tif","44","34","2018-05-16","Bad",15.99,1,54.91,53.14,"Y",5,0,0,"L8","NADIR",9,9,"FINAL","ESTIMATED","TIRS"
"L8_p44r34_20180601_water.tif","44","34","2018-06-01","Fair",67.09,0.986,0.09,0.16,"N",1022,1,1,"L8","NADIR",9,9,"FINAL","ESTIMATED","TIRS"
"L8_p44r34_20180617_water.tif","44","34","2018-06-17","Bad",24.72,1,52.13,13.9,"Y",33,0,0,"L8","NADIR",9,9,"FINAL","ESTIMATED","TIRS"
"L8_p44r34_20180703_water.tif","44","34","2018-07-03","Good",80.29,0.992,35.71,0.2,"Y",637,0,0,"L8","NADIR",9,9,"FINAL","ESTIMATED","TIRS"
"L8_p44r34_20180719_water.tif","44","34","2018-07-19","Fair",59.63,0.979,36.4,7.43,"Y",572,1,1,"L8","NADIR",9,9,"FINAL","ESTIMATED","TIRS"
"L8_p44r34_20180804_water.tif","44","34","2018-08-04","Fair",73.77,0.99,29.27,0.09,"Y",686,1,1,"L8","NADIR",9,9,"FINAL","ESTIMATED","TIRS"
"L8_p44r34_20180820_water.tif","44","34","2018-08-20","Good",92.43,0.991,42.17,0.01,"Y",782,0,0,"L8","NADIR",9,9,"FINAL","ESTIMATED","TIRS"
"L8_p44r34_20180905_water.tif","44","34","2018-09-05","Good",83.92,0.979,44.95,0.03,"Y",611,0,0,"L8","NADIR",9,9,"FINAL","ESTIMATED","TIRS"
"L8_p44r34_20180921_water.tif","44","34","2018-09-21","Good",92.89,0.983,31.59,0,"Y",871,0,0,"L8","NADIR",9,9,"FINAL","ESTIMATED","TIRS"
"L8_p44r34_20181007_water.tif","44","34","2018-10-07","Fair",54.63,0.967,0.13,0.35,"N",1022,2,2,"L8","NADIR",9,9,"FINAL","ESTIMATED","TIRS"
"L8_p44r34_20181023_water.tif","44","34","2018-10-23","Poor",25.07,0.935,68.41,51.59,"Y",92,0,0,"L8","NADIR",9,9,"FINAL","ESTIMATED","TIRS"
"L8_p44r34_20181108_water.tif","44","34","2018-11-08","Fair",54.26,0.973,0.07,0.22,"N",1022,2,2,"L8","NADIR",9,9,"FINAL","ESTIMATED","TIRS"
"L8_p44r34_20181124_water.tif","44","34","2018-11-24","Bad",14.02,1,46.14,58.6,"Y",5,0,0,"L8","NADIR",9,9,"FINAL","ESTIMATED","TIRS"
"L8_p44r34_20181210_water.tif","44","34","2018-12-10","Bad",13.04,0.667,74.35,76.4,"Y",3,0,0,"L8","NADIR",9,9,"FINAL","ESTIMATED","TIRS"
"L8_p44r34_20181226_water.tif","44","34","2018-12-26","Poor",28.52,0.874,33.36,17.06,"Y",143,0,0,"L8","NADIR",9,9,"FINAL","ESTIMATED","TIRS"
"L8_p44r34_20190111_water.tif","44","34","2019-01-11","Bad",14.01,0.692,92.32,54.82,"Y",13,0,0,"L8","NADIR",9,9,"FINAL","ESTIMATED","TIRS"
"L8_p44r34_20190127_water.tif","44","34","2019-01-27","Bad",17.17,1,43.94,23.25,"Y",13,0,0,"L8","NADIR",9,9,"FINAL","ESTIMATED","TIRS"
